cc_num,Recency,Frequency,Monetary,Recency_log,Monetary_log,KMed_Cluster,KMed_Name
60416207185,1,1476,63779.8,0.6931471805599453,11.06320748360235,1,Medium-High
60422928733,1,1459,76538.87,0.6931471805599453,11.245567060519928,1,Medium-High
60423098130,3,489,22848.04,1.3862943611198906,10.036664382310672,2,At Risk
60427851591,2,494,38768.06,1.0986122886681098,10.565377784820363,2,At Risk
60490596305,1,958,47932.06,0.6931471805599453,10.77756073322032,3,Medium Value
501802953619,1,1512,74913.4,0.6931471805599453,11.224101407368218,1,Medium-High
501828204849,2,489,23717.93,1.0986122886681098,10.074028742482051,2,At Risk
501831082224,1,987,47299.54,0.6931471805599453,10.764276990905342,3,Medium Value
501851115094,454,5,39.379999999999995,6.12029741895095,3.6983346128846915,2,At Risk
501882822387,1,485,22547.1,0.6931471805599453,10.023406084174779,2,At Risk
502012776709,1,1932,92879.05,0.6931471805599453,11.439064154700654,1,Medium-High
502038091380,1,1523,119007.96,0.6931471805599453,11.686954063376854,1,Medium-High
502049568400,1,992,48579.42,0.6931471805599453,10.790975848051932,3,Medium Value
503848303379,1,1490,64907.85,0.6931471805599453,11.080739257031869,1,Medium-High
503886119844,6,1,21.86,1.9459101490553132,3.1293886583666644,2,At Risk
560881134780,1,491,25644.38,0.6931471805599453,10.152118717416844,2,At Risk
565399283797,1,494,37857.6,0.6931471805599453,10.54161344573834,2,At Risk
568279015842,1,1033,78926.94,0.6931471805599453,11.276290563286732,1,Medium-High
570273151375,1,492,23505.63,0.6931471805599453,10.0650377880013,2,At Risk
571314334723,1,484,19446.61,0.6931471805599453,9.87547946231895,2,At Risk
571365235126,1,3006,131398.84,0.6931471805599453,11.786000167375894,0,High Value
571465035400,1,1942,149716.64,0.6931471805599453,11.916506399136985,0,High Value
573283817795,1,516,24428.57,0.6931471805599453,10.103549562787016,2,At Risk
573860193545,1,2015,83195.3,0.6931471805599453,11.328958154666584,1,Medium-High
577588686219,1,1417,84592.58,0.6931471805599453,11.345613656189965,1,Medium-High
577891228931,500,1,9.91,6.2166061010848646,2.3896797998449792,2,At Risk
580954173374,1,1007,51456.92,0.6931471805599453,10.848519665275346,3,Medium Value
581293083266,1,1487,116393.74,0.6931471805599453,11.664742624254984,1,Medium-High
581508178315,2,482,38195.63,1.0986122886681098,10.550502570807774,2,At Risk
581686439828,1,2473,108386.02,0.6931471805599453,11.593463619120657,0,High Value
583699482621,1,1460,75343.6,0.6931471805599453,11.229827535925827,1,Medium-High
584673555952,1,1970,92970.11,0.6931471805599453,11.4400440787139,1,Medium-High
630412733309,1,502,22918.53,0.6931471805599453,10.03974466451022,2,At Risk
630423337322,1,2948,120751.01,0.6931471805599453,11.70149421733901,0,High Value
630424987505,1,3014,129594.56,0.6931471805599453,11.77217380305419,0,High Value
630425673344,1,1507,72146.86,0.6931471805599453,11.186472903332477,1,Medium-High
630441765090,1,1945,94140.01,0.6931471805599453,11.452549043599515,1,Medium-High
630451534402,1,2963,125175.03,0.6931471805599453,11.73747626564442,0,High Value
630469040731,1,1971,95170.78,0.6931471805599453,11.463438748264394,1,Medium-High
630471368021,1,501,38925.22,0.6931471805599453,10.569423338536023,2,At Risk
630484879808,1,1928,149982.95,0.6931471805599453,11.918283567353484,0,High Value
639023984367,1,2473,105267.42,0.6931471805599453,11.56426874810832,0,High Value
639030014711,1,998,76517.67,0.6931471805599453,11.245290042326294,1,Medium-High
639046421587,1,969,74933.6,0.6931471805599453,11.224371012105285,1,Medium-High
639095706599,1,511,24542.9,0.6931471805599453,10.108218629843167,2,At Risk
675909898057,1,965,46501.12,0.6931471805599453,10.747253181934042,3,Medium Value
675945690716,1,1517,54611.28,0.6931471805599453,10.908014044869796,1,Medium-High
675961917837,1,518,24936.25,0.6931471805599453,10.124117948519311,2,At Risk
675990301623,1,1979,83452.44,0.6931471805599453,11.332044150529162,1,Medium-High
676118385837,1,986,52028.34,0.6931471805599453,10.859563069214465,3,Medium Value
676148621961,1,993,48532.8,0.6931471805599453,10.790015741415,3,Medium Value
676195318214,1,1981,83338.64,0.6931471805599453,11.330679585312687,1,Medium-High
676234256292,3,483,36905.4,1.3862943611198906,10.516140256723757,2,At Risk
676275912597,3,508,39965.57,1.3862943611198906,10.595798633662335,3,Medium Value
676281772837,1,1465,74597.42,0.6931471805599453,11.219874606342897,1,Medium-High
676292294938,1,497,24158.29,0.6931471805599453,10.092424264199714,2,At Risk
676298633337,2,1475,61782.5,1.0986122886681098,11.031391617506268,1,Medium-High
676308307625,1,493,21232.08,0.6931471805599453,9.963315621894754,2,At Risk
676314217768,1,453,26875.77,0.6931471805599453,10.199017623726375,2,At Risk
676326610042,2,435,23526.19,1.0986122886681098,10.065912052575582,2,At Risk
676327197445,247,1,9.98,5.5134287461649825,2.3960754360813845,2,At Risk
676372984911,1,2500,105177.13,0.6931471805599453,11.56341066793984,0,High Value
4006047418382,1,972,46787.02,0.6931471805599453,10.753382466230539,3,Medium Value
4026222041577,3,451,25358.99,1.3862943611198906,10.140928014229319,2,At Risk
4066595222529,1,1458,69098.58,0.6931471805599453,11.143303931589678,1,Medium-High
4076173495454,457,2,18.04,6.126869184114185,2.9465420293632194,2,At Risk
4079773899158,1,1958,95904.5,0.6931471805599453,11.471118610634717,1,Medium-High
4103158249977,1,489,37892.27,0.6931471805599453,10.542528802743277,2,At Risk
4149635823017,1,1933,82510.29,0.6931471805599453,11.32069041144472,1,Medium-High
4158008602445,2,507,19484.88,1.0986122886681098,9.87744537969885,2,At Risk
4169388510116,1,1490,72624.18,0.6931471805599453,11.193066972636512,1,Medium-High
4186530744674,1,1514,76562.6,0.6931471805599453,11.245877046964912,1,Medium-High
4189814094741,1,480,17179.3,0.6931471805599453,9.751518657551093,2,At Risk
4198470814557,1,1965,82666.66,0.6931471805599453,11.322583752535849,1,Medium-High
4220345354880,1,1494,77221.12,0.6931471805599453,11.254441223468826,1,Medium-High
4247921790666,1,1471,74113.27,0.6931471805599453,11.213363370341334,1,Medium-High
4259996134423,1,981,47910.1,0.6931471805599453,10.777102489329732,3,Medium Value
4260128500325,1,1387,82489.45,0.6931471805599453,11.32043780804659,1,Medium-High
4279161831637,1,975,39921.48,0.6931471805599453,10.594694852744267,3,Medium Value
4294930380592,1,2000,95364.66,0.6931471805599453,11.465473834564643,1,Medium-High
4393520897625,1,982,76816.33,0.6931471805599453,11.249185544722064,1,Medium-High
4427805710168,2,1514,51858.27,1.0986122886681098,10.856288982634153,1,Medium-High
4457486401506,215,2,18.240000000000002,5.375278407684165,2.9569914452375605,2,At Risk
4464457352619,1,2491,108412.86,0.6931471805599453,11.593711219592915,0,High Value
4471568287204,1,1010,51694.66,0.6931471805599453,10.853129111131478,3,Medium Value
4476840372112,1,2031,83111.93,0.6931471805599453,11.32795556440766,1,Medium-High
4481131401752,2,995,41514.1,1.0986122886681098,10.633812495461145,3,Medium Value
4500002361389,1,1947,93370.49,0.6931471805599453,11.444341331367138,1,Medium-High
4505383113689,1,975,49873.96,0.6931471805599453,10.81727435218683,3,Medium Value
4538566639857,1,1495,73408.37,0.6931471805599453,11.203806863130936,1,Medium-High
4561546772499,1,2451,104267.26,0.6931471805599453,11.554722280198348,0,High Value
4562827002127,1,1024,45173.72,0.6931471805599453,10.718292917322792,3,Medium Value
4585132874641,1,1483,61465.95,0.6931471805599453,11.026254910970366,1,Medium-High
4586260469584,1,1970,97917.3,0.6931471805599453,11.491888736484336,1,Medium-High
4593569795412,482,6,69.5,6.180016653652572,4.255612709818223,2,At Risk
4598025465633,231,2,153.38,5.44673737166631,5.039417095521708,2,At Risk
4613314721966,1,1439,112060.97,0.6931471805599453,11.626807300832679,1,Medium-High
4623560839669,1,1994,98862.23,0.6931471805599453,11.50149265879333,0,High Value
4629125581019,174,2,30.99,5.1647859739235145,3.4654233539614268,2,At Risk
4640395708703,1,1975,95506.16,0.6931471805599453,11.466956497480414,1,Medium-High
4642894980163,1,1947,80762.2,0.6931471805599453,11.299276695217808,1,Medium-High
4658117080136,1,958,41377.31,0.6931471805599453,10.630512109479534,3,Medium Value
4683638447911,1,1961,152171.91,0.6931471805599453,11.932772719080198,0,High Value
4687263141103,1,502,22375.66,0.6931471805599453,10.015773730335253,2,At Risk
4745996322265,1,2742,166597.77,0.6931471805599453,12.023343625734444,0,High Value
4748866581408,24,1,6.8,3.2188758248682006,2.0541237336955462,2,At Risk
4755696071492,1,2500,106050.19,0.6931471805599453,11.571677181051985,0,High Value
4760122961662,1,484,23432.079999999998,0.6931471805599453,10.061903978261398,2,At Risk
4783226709001,1,1514,76795.08,0.6931471805599453,11.248908876166427,1,Medium-High
4788103653396,1,947,48753.39,0.6931471805599453,10.79455052365367,3,Medium Value
4806443445305,3,491,15701.61,1.3862943611198906,9.661582219557939,2,At Risk
4807552641361,1,492,24573.98,0.6931471805599453,10.109484131179837,2,At Risk
4862293128558,1,2010,95308.42,0.6931471805599453,11.464883930507636,1,Medium-High
4917226033950,1,502,23421.47,0.6931471805599453,10.061451097004799,2,At Risk
4957924165498,1,1005,48973.0,0.6931471805599453,10.79904482402337,3,Medium Value
4981132848794,1,1467,68775.99,0.6931471805599453,11.13862452030692,1,Medium-High
4988304376504,1,1978,98510.61,0.6931471805599453,11.497929688234596,1,Medium-High
4990494243023,1,1999,99777.41,0.6931471805599453,11.510707106230939,0,High Value
30011465039817,2,444,25940.64,1.0986122886681098,10.163604678693853,2,At Risk
30026790933302,1,1965,154204.81,0.6931471805599453,11.946043417741373,0,High Value
30029052116970,1,2008,85047.83,0.6931471805599453,11.350980841115629,1,Medium-High
30030380240193,1,1959,153241.26,0.6931471805599453,11.939775346813377,0,High Value
30033162392091,1,992,76944.82,0.6931471805599453,11.250856816803934,1,Medium-High
30042378430132,2,483,19466.91,1.0986122886681098,9.876522747971629,2,At Risk
30074693890476,1,1795,101952.23,0.6931471805599453,11.532269457697886,1,Medium-High
30092964733035,1,939,50499.48,0.6931471805599453,10.829738120168775,3,Medium Value
30103132002433,2,912,48535.6,1.0986122886681098,10.79007343150386,3,Medium Value
30118423745458,1,1965,82380.63,0.6931471805599453,11.319117754150236,1,Medium-High
30143535920989,1,1470,64293.42,0.6931471805599453,11.07122812574465,1,Medium-High
30143713661454,1,1011,47636.21,0.6931471805599453,10.771369457522546,3,Medium Value
30150717898388,1,1480,72328.01,0.6931471805599453,11.188980572482961,1,Medium-High
30153452207526,2,1504,78521.88,1.0986122886681098,11.271145326270991,1,Medium-High
30175986190993,1,1984,96865.78,0.6931471805599453,11.481091911442643,1,Medium-High
30181367542315,1,506,23452.17,0.6931471805599453,10.062760945974938,2,At Risk
30197398657930,1,1806,101509.74,0.6931471805599453,11.52791988467408,1,Medium-High
30199621383748,1,2261,126033.53,0.6931471805599453,11.744311196008473,0,High Value
30230540139182,1,1494,115032.88,0.6931471805599453,11.65298197265242,1,Medium-High
30234966027947,1,2470,99898.04,0.6931471805599453,11.511915354980863,0,High Value
30235268718158,1,1472,64226.57,0.6931471805599453,11.070187836747744,1,Medium-High
30235438713303,1,2456,104774.46,0.6931471805599453,11.559574863143931,0,High Value
30238755902988,1,2980,123614.79,0.6931471805599453,11.724933566655348,0,High Value
30242921189660,1,997,48191.33,0.6931471805599453,10.782955158745683,3,Medium Value
30248898834493,1,983,47565.81,0.6931471805599453,10.769890528106924,3,Medium Value
30263540414123,1,1466,73271.9,0.6931471805599453,11.201946106007716,1,Medium-High
30266994494236,1,1472,65311.38,0.6931471805599453,11.086936883819005,1,Medium-High
30270432095985,1,2926,121310.57,0.6931471805599453,11.706117473730513,0,High Value
30273037698427,1,2792,166854.51,0.6931471805599453,12.024883507308209,0,High Value
30290551782700,1,1473,74661.51,0.6931471805599453,11.220733370976598,1,Medium-High
30328384440870,1,1493,74836.29,0.6931471805599453,11.22307156914983,1,Medium-High
30343344410970,1,1463,73692.96,0.6931471805599453,11.207676120951998,1,Medium-High
30344654314976,1,983,48423.94,0.6931471805599453,10.787770249245002,3,Medium Value
30357372465631,1,502,22603.85,0.6931471805599453,10.025919764006623,2,At Risk
30360260465747,1,489,25077.49,0.6931471805599453,10.1297657855978,2,At Risk
30364087349027,1,1473,62450.26,0.6931471805599453,11.042141691491102,1,Medium-High
30371006069917,1,983,49606.88,0.6931471805599453,10.811904971062106,3,Medium Value
30373802285317,2,504,25215.52,1.0986122886681098,10.13525461427239,2,At Risk
30376238035123,1,1003,47714.92,0.6931471805599453,10.773020373813962,3,Medium Value
30404291151692,2,918,51745.7,1.0986122886681098,10.854115940978401,3,Medium Value
30407675418785,1,1977,86278.54,0.6931471805599453,11.365347769009974,1,Medium-High
30408301059761,2,501,20835.09,1.0986122886681098,9.944441858302865,2,At Risk
30428204673351,1,1949,151913.38,0.6931471805599453,11.931072351647613,0,High Value
30434173205605,1,477,19977.2,0.6931471805599453,9.902396958054098,2,At Risk
30442439074871,1,1345,73448.36,0.6931471805599453,11.204351468153577,1,Medium-High
30446018552504,1,513,21857.76,0.6931471805599453,9.992357035510466,2,At Risk
30487648872433,2,1002,47902.11,1.0986122886681098,10.776935708222451,3,Medium Value
30491348102802,1,488,22816.32,0.6931471805599453,10.035275175677985,2,At Risk
30499715231997,285,2,15.53,5.655991810819852,2.805176911832933,2,At Risk
30501624614310,1,1985,86391.38,0.6931471805599453,11.366654756458344,1,Medium-High
30518196150127,1,482,20574.83,0.6931471805599453,9.931872364950339,2,At Risk
30518206766474,1,1463,63215.92,0.6931471805599453,11.054327265822925,1,Medium-High
30546453310167,1,956,46954.45,0.6931471805599453,10.756954558836705,3,Medium Value
30551643947183,1,2270,127210.62,0.6931471805599453,11.753607277917059,0,High Value
30560609640617,1,1525,74590.7,0.6931471805599453,11.219784519948375,1,Medium-High
30570197515105,1,491,24178.05,0.6931471805599453,10.093241834728643,2,At Risk
36078114201167,1,1961,95189.24,0.6931471805599453,11.463632694515416,1,Medium-High
36360452125889,1,499,24241.079999999998,0.6931471805599453,10.095845245082764,2,At Risk
36485887555770,1,1856,112634.31,0.6931471805599453,11.631910533451158,0,High Value
36581538659449,1,493,21600.25,0.6931471805599453,9.9805064623682,2,At Risk
36721445180895,1,1471,72586.91,0.6931471805599453,11.192553658019786,1,Medium-High
36722699017270,1,2702,153921.31,0.6931471805599453,11.944203273583176,0,High Value
36890292963032,1,488,23962.58,0.6931471805599453,10.084290456760794,2,At Risk
38014427445058,1,500,24937.9,0.6931471805599453,10.124184112407287,2,At Risk
38052002992326,1,2531,89107.64,0.6931471805599453,11.397611578454613,0,High Value
38199021865320,1,2013,157663.8,0.6931471805599453,11.968226539412408,0,High Value
38295635583927,1,1996,84824.21,0.6931471805599453,11.348348065334601,1,Medium-High
38530489946071,1,1978,87445.66,0.6931471805599453,11.37878428646408,1,Medium-High
38534201672254,240,1,14.39,5.484796933490655,2.733717947850788,2,At Risk
38580485618059,1,2001,96581.5,0.6931471805599453,11.478152844368969,1,Medium-High
38588538868506,1,1976,85292.31,0.6931471805599453,11.353851301330193,1,Medium-High
38797410705641,1,1479,115120.91,0.6931471805599453,11.653746932806518,1,Medium-High
38817501916673,508,4,40.019999999999996,6.2324480165505225,3.7140597526442343,2,At Risk
38859492057661,2,484,25341.11,1.0986122886681098,10.140222717969747,2,At Risk
38947654498698,1,1452,61282.64,0.6931471805599453,11.0232682021282,1,Medium-High
180011453250192,1,1981,156010.51,0.6931471805599453,11.957685065561195,0,High Value
180014262259255,1,975,50595.9,0.6931471805599453,10.831645588576656,3,Medium Value
180018375329178,1,1337,75259.07,0.6931471805599453,11.228704994255951,1,Medium-High
180036456789979,1,2490,106501.2,0.6931471805599453,11.575920921195253,0,High Value
180040131978916,184,1,12.3,5.220355825078324,2.5877640352277083,2,At Risk
180046165512893,1,1008,52670.26,0.6931471805599453,10.871825234727844,3,Medium Value
180046617132290,1,981,50443.77,0.6931471805599453,10.828634353410933,3,Medium Value
180047222886866,5,478,20485.91,1.791759469228055,9.927541424589823,2,At Risk
180049032966888,1,2023,157612.76,0.6931471805599453,11.967902762239321,0,High Value
180056173248083,1,994,42499.76,0.6931471805599453,10.657277237105562,3,Medium Value
180058696935600,1,456,26662.82,0.6931471805599453,10.191062869289722,2,At Risk
180064817343047,1,1485,71527.61,0.6931471805599453,11.177852788507634,1,Medium-High
180065479077096,1,1479,76785.25,0.6931471805599453,11.24878086664849,1,Medium-High
180067784565096,1,1986,97600.26,0.6931471805599453,11.488645682153917,1,Medium-High
180069253480336,1,969,50098.54,0.6931471805599453,10.821767105394079,3,Medium Value
180081032825079,2,1001,47755.07,1.0986122886681098,10.773861458248609,3,Medium Value
180084576295055,1,1446,68468.83,0.6931471805599453,11.134148489272826,1,Medium-High
180084695172649,2,449,27054.8,1.0986122886681098,10.205656679035345,2,At Risk
180094608895855,1,490,23962.079999999998,0.6931471805599453,10.084269591547152,2,At Risk
213102873001603,1,1463,68670.51,0.6931471805599453,11.137089690596786,1,Medium-High
213107169859697,2,451,24547.63,1.0986122886681098,10.108411327184887,2,At Risk
213112402583773,1,3031,127915.24,0.6931471805599453,11.759130953704986,0,High Value
213113028819344,1,994,49398.29,0.6931471805599453,10.807691330603094,3,Medium Value
213113338379864,1,487,26098.11,0.6931471805599453,10.169656493112521,2,At Risk
213114122496591,1,991,50785.54,0.6931471805599453,10.835386637828382,3,Medium Value
213120463918358,1,1006,51247.66,0.6931471805599453,10.84444475031737,3,Medium Value
213124978348176,1,1450,69312.41,0.6931471805599453,11.146393672951534,1,Medium-High
213125815021702,1,1514,74539.77,0.6931471805599453,11.219101503004044,1,Medium-High
213136802746375,1,457,20192.12,0.6931471805599453,9.913097231314559,2,At Risk
213141712584544,1,2665,152505.46,0.6931471805599453,11.934962234788154,0,High Value
213153151785052,1,1500,53868.56,0.6931471805599453,10.894320847829825,1,Medium-High
213154573301411,1,1001,79576.98,0.6931471805599453,11.284492700396633,1,Medium-High
213155997615567,1,974,77386.42,0.6931471805599453,11.256579514068271,1,Medium-High
213157767990030,1,2234,129681.86,0.6931471805599453,11.772847210453842,0,High Value
213161293389774,1,1408,68681.38,0.6931471805599453,11.137247967876341,1,Medium-High
213161869125933,1,1506,71580.64,0.6931471805599453,11.178593895485328,1,Medium-High
213163860545705,2,987,76804.48,1.0986122886681098,11.249031270756843,1,Medium-High
213173753804333,1,1492,73207.14,0.6931471805599453,11.20106189595269,1,Medium-High
213174467670432,1,1470,71268.36,0.6931471805599453,11.17422178052014,1,Medium-High
213175487106448,1,1487,70748.39,0.6931471805599453,11.166899193560187,1,Medium-High
213178765398315,1,1936,78944.75,0.6931471805599453,11.27651618669587,1,Medium-High
213178850083780,1,1492,116654.23,0.6931471805599453,11.666978111420944,1,Medium-High
213180742685905,1,1979,98319.69,0.6931471805599453,11.495989762116023,1,Medium-High
213186334552049,1,1004,43073.08,0.6931471805599453,10.670676703071699,3,Medium Value
213186551511454,1,491,23522.06,0.6931471805599453,10.065736495590842,2,At Risk
213186880359195,1,502,38242.68,0.6931471805599453,10.551733596844738,2,At Risk
213193596103206,1,1990,154446.95,0.6931471805599453,11.947612425354789,0,High Value
213195754007681,1,1469,70889.21,0.6931471805599453,11.168887621180689,1,Medium-High
213198837352314,1,472,37474.49,0.6931471805599453,10.531442398268906,2,At Risk
213199865312311,1,1456,72286.56,0.6931471805599453,11.18840733248515,1,Medium-High
340103199302564,2,999,50065.54,1.0986122886681098,10.821108199680808,3,Medium Value
340214844585279,49,3,48.03,3.912023005428146,3.892432355663142,2,At Risk
340951438290556,1,1318,77901.14,0.6931471805599453,11.263208702598332,1,Medium-High
341283058448499,1,1015,47180.58,0.6931471805599453,10.761758841167357,3,Medium Value
341542810616333,1,974,47043.909999999996,0.6931471805599453,10.758857956377074,3,Medium Value
341546199006537,1,1509,71558.13,0.6931471805599453,11.17827937991879,1,Medium-High
342035762534413,1,476,28586.64,0.6931471805599453,10.260729735564345,2,At Risk
342319985983023,1,1482,115317.01,0.6931471805599453,11.655448895273235,1,Medium-High
342351256941125,1,1367,78793.01,0.6931471805599453,11.27459225772824,1,Medium-High
342360239917375,1,478,21845.15,0.6931471805599453,9.991779983625452,2,At Risk
342952484382519,1,3009,133352.15,0.6931471805599453,11.800756151378408,0,High Value
343464013864032,1,1461,77038.86,0.6931471805599453,11.252078229232557,1,Medium-High
343472729187663,1,992,42871.02,0.6931471805599453,10.665974677679522,3,Medium Value
343668971234893,1,1465,74549.14,0.6931471805599453,11.219227198125393,1,Medium-High
343746486082492,1,1489,63547.31,0.6931471805599453,11.05955568303032,1,Medium-High
344342339068828,1,1487,77139.58,0.6931471805599453,11.253384750530945,1,Medium-High
345060451158891,1,992,49292.65,0.6931471805599453,10.805550548489496,3,Medium Value
345389171551808,1,2023,86420.79,0.6931471805599453,11.36699512206938,1,Medium-High
345933964507467,1,2971,127049.54,0.6931471805599453,11.752340239034437,0,High Value
346243940647414,1,475,18741.03,0.6931471805599453,9.838523874365446,2,At Risk
346273234529002,1,2272,124224.62,0.6931471805599453,11.729854707401918,0,High Value
347073228412010,1,1011,78250.59,0.6931471805599453,11.26768442768478,1,Medium-High
347612609554823,1,495,15911.210000000001,0.6931471805599453,9.674842018033448,2,At Risk
348253506557335,1,487,23262.21,0.6931471805599453,10.054628421709891,2,At Risk
348789608637806,1,2005,98346.92,0.6931471805599453,11.49626667463576,0,High Value
349612764943496,1,1439,110222.98,0.6931471805599453,11.610269756384275,1,Medium-High
370348764075623,1,970,49812.39,0.6931471805599453,10.816039102374212,3,Medium Value
370612217861404,2,1337,73972.7,1.0986122886681098,11.211464903609432,1,Medium-High
370818583810103,2,960,40554.63,1.0986122886681098,10.610429890843163,3,Medium Value
370877495212014,1,2280,124330.24,0.6931471805599453,11.730704573354982,0,High Value
371009169330125,1,1474,52431.03,0.6931471805599453,10.8672729431081,3,Medium Value
371034293500716,1,993,46776.78,0.6931471805599453,10.753163582834237,3,Medium Value
371226440126102,1,2454,107734.39,0.6931471805599453,11.587433407125284,0,High Value
371284100299909,1,993,42010.56,0.6931471805599453,10.645700097489687,3,Medium Value
371683116218417,1,493,22365.54,0.6931471805599453,10.015321371086358,2,At Risk
371985236239474,1,964,46235.9,0.6931471805599453,10.741533459576385,3,Medium Value
372246459334925,1,1516,72903.68,0.6931471805599453,11.19690811346704,1,Medium-High
372382441451095,1,1469,73150.02,0.6931471805599453,11.200281350301841,1,Medium-High
372509258176510,1,2704,153848.13,0.6931471805599453,11.94372772587557,0,High Value
372520049757633,1,2802,163296.15,0.6931471805599453,12.003326826264924,0,High Value
373043435942726,2,1014,79360.45,1.0986122886681098,11.281768012961193,1,Medium-High
373905417449658,1,2238,124762.4,0.6931471805599453,11.734174422674865,0,High Value
374238209524200,1,1012,49113.16,0.6931471805599453,10.801902663244606,3,Medium Value
374497717543058,1,1980,96400.0,0.6931471805599453,11.476271853988816,1,Medium-High
374821819075109,2,467,23117.55,1.0986122886681098,10.048390604556591,2,At Risk
374930071163758,1,2434,104306.07,0.6931471805599453,11.555094423926448,0,High Value
375082648741747,1,1996,82777.69,0.6931471805599453,11.323925940098984,1,Medium-High
375237305371366,2,507,26376.6,1.0986122886681098,10.180270444118909,2,At Risk
375248307838179,1,2008,101028.46,0.6931471805599453,11.523167436460449,0,High Value
375534208663984,1,1933,149875.49,0.6931471805599453,11.917566833898412,0,High Value
375623337201129,120,6,187.06,4.795790545596741,5.236761060848931,2,At Risk
375767678113375,1,1445,73698.54,0.6931471805599453,11.207751836638275,1,Medium-High
375848982312810,1,1471,67903.72,0.6931471805599453,11.125860825121965,1,Medium-High
375904527651269,1,986,46056.74,0.6931471805599453,10.737651105735795,3,Medium Value
375974680629816,1,1964,86603.03,0.6931471805599453,11.369101629264536,1,Medium-High
376028110684021,1,1944,151496.65,0.6931471805599453,11.928325392260101,0,High Value
376445266762684,1,2974,126009.23,0.6931471805599453,11.744118373114038,0,High Value
376656886990758,1,1471,62382.78,0.6931471805599453,11.041060584670893,1,Medium-High
376944481517097,1,504,25304.79,0.6931471805599453,10.138788502287527,2,At Risk
377026671291680,1,2456,104894.77,0.6931471805599453,11.560722469453141,0,High Value
377113842678100,1,1954,91964.55,0.6931471805599453,11.429169329383088,1,Medium-High
377234009633447,1,1952,93119.38,0.6931471805599453,11.441648343712952,1,Medium-High
377264520876399,2,496,25347.16,1.0986122886681098,10.140461422558566,2,At Risk
377550167323848,1,995,52531.13,0.6931471805599453,10.869180261384088,3,Medium Value
377654590313960,1,1461,70724.12,0.6931471805599453,11.166556092880947,1,Medium-High
377834944388609,1,471,24124.94,0.6931471805599453,10.09104288917869,2,At Risk
377895991033232,1,978,49205.05,0.6931471805599453,10.803771862400193,3,Medium Value
377993105397617,1,1988,85058.48,0.6931471805599453,11.351106055457173,1,Medium-High
378006354724784,1,499,38551.38,0.6931471805599453,10.559773115088358,2,At Risk
378262805520186,505,2,23.5,6.226536669287466,3.1986731175506815,2,At Risk
378858024506425,1,996,49441.47,0.6931471805599453,10.80856505043056,3,Medium Value
378904938837132,1,1513,66468.88,0.6931471805599453,11.104504191708287,1,Medium-High
379141394109214,1,488,25626.05,0.6931471805599453,10.15140371324088,2,At Risk
379897244598068,1,1005,50090.53,0.6931471805599453,10.821607210904139,3,Medium Value
2222001896600109,1,1490,62634.03,0.6931471805599453,11.045079985243612,1,Medium-High
2222157926772399,2,502,22420.34,1.0986122886681098,10.017768462904339,2,At Risk
2224100459250597,2,462,22023.829999999998,1.0986122886681098,9.99992573227289,2,At Risk
2229378226512508,1,1500,117345.69,0.6931471805599453,11.672887994660659,1,Medium-High
2229824890647120,1,504,23729.79,0.6931471805599453,10.074528640068253,2,At Risk
2231186809828225,1,514,25075.37,0.6931471805599453,10.129681247429364,2,At Risk
2233882705243596,1,1519,73480.44,0.6931471805599453,11.204788136306338,1,Medium-High
2235335206132667,1,492,22356.14,0.6931471805599453,10.014901012111496,2,At Risk
2235613922823698,1,1950,82958.57,0.6931471805599453,11.326108659669147,1,Medium-High
2242542703101233,1,2789,163568.05,0.6931471805599453,12.004990504324718,0,High Value
2248348993063230,1,977,45810.15,0.6931471805599453,10.732282790254846,3,Medium Value
2248735346244816,1,1976,94297.0,0.6931471805599453,11.454215259488896,1,Medium-High
2252055259910912,1,1960,151888.31,0.6931471805599453,11.930907310860537,0,High Value
2254917871818484,1,2508,112576.27,0.6931471805599453,11.631395109301362,0,High Value
2256234701263057,2,988,48728.93,1.0986122886681098,10.794048699349757,3,Medium Value
2260801330657968,5,492,24268.34,1.791759469228055,10.096969104284133,2,At Risk
2266735643685262,1,1971,80126.6,0.6931471805599453,11.291375642994476,1,Medium-High
2269768987945882,1,1504,74345.09,0.6931471805599453,11.216486361399864,1,Medium-High
2280870154157385,3,502,24874.3,1.3862943611198906,10.121630622255577,2,At Risk
2284059275940012,1,483,25364.08,0.6931471805599453,10.141128703948112,2,At Risk
2285066385084291,1,986,41837.71,0.6931471805599453,10.641577266523536,3,Medium Value
2286236465059468,1,1464,72444.95,0.6931471805599453,11.190596045565213,1,Medium-High
2287277963630565,317,2,14.309999999999999,5.762051382780177,2.7285062096695922,2,At Risk
2297447006766555,1,2012,97585.33,0.6931471805599453,11.48849270111625,0,High Value
2305336922781618,1,1506,71557.84,0.6931471805599453,11.178275327317987,1,Medium-High
2318062975163331,2,482,24515.93,1.0986122886681098,10.107119178296312,2,At Risk
2348245054386329,1,1511,80310.12,0.6931471805599453,11.293663371044671,1,Medium-High
2356276337669917,2,974,40155.91,1.0986122886681098,10.60054980917433,3,Medium Value
2358122155477959,502,18,929.5,6.220590170099739,6.835722076082305,2,At Risk
2383461948823908,1,1970,91916.68,0.6931471805599453,11.428648672865565,1,Medium-High
2450829271795901,1,1002,38762.36,0.6931471805599453,10.565230749554077,3,Medium Value
2454076758463217,2,502,39824.86,1.0986122886681098,10.592271729020924,3,Medium Value
2475085306462014,1,1469,115424.44,0.6931471805599453,11.656380059367057,1,Medium-High
2610529083834453,1,474,29069.25,0.6931471805599453,10.277470593447143,2,At Risk
2703186189652095,1,1778,100590.44,0.6931471805599453,11.518822443564241,1,Medium-High
2706977570537524,1,1494,116902.46,0.6931471805599453,11.669103744969112,1,Medium-High
2713913904780408,1,1539,78963.37,0.6931471805599453,11.27675201705413,1,Medium-High
2714019737356678,2,451,28199.49,1.0986122886681098,10.24709463266177,2,At Risk
2719496466799416,1,990,46323.12,0.6931471805599453,10.743418054750787,3,Medium Value
2720012583106919,1,1943,152382.61,0.6931471805599453,11.934156370519446,0,High Value
2720433095629877,1,3017,108114.2,0.6931471805599453,11.590952604288354,0,High Value
2720894374956739,1,985,50143.35,0.6931471805599453,10.822661125029281,3,Medium Value
3500969075198072,1,2311,143089.53,0.6931471805599453,11.871232785856462,0,High Value
3501285649323933,42,1,6.47,3.7612001156935624,2.010894999144726,2,At Risk
3501365119557234,1,471,24482.87,0.6931471805599453,10.105769812366928,2,At Risk
3502088871723054,1,2470,103089.28,0.6931471805599453,11.543360388160076,0,High Value
3502377050801561,1,1478,75679.22,0.6931471805599453,11.23427211069828,1,Medium-High
3506040590383211,1,965,74888.05,0.6931471805599453,11.223762963891222,1,Medium-High
3506042666828517,2,1484,74516.73,1.0986122886681098,11.218792362630518,1,Medium-High
3508104404056005,1,998,41614.72,0.6931471805599453,10.63623325948433,3,Medium Value
3511058278399773,5,503,25772.18,1.791759469228055,10.157089695334857,2,At Risk
3512365128314616,1,1956,83559.1,0.6931471805599453,11.33332141241464,1,Medium-High
3513285035244624,1,501,25631.95,0.6931471805599453,10.15163391222746,2,At Risk
3513506355699497,1,1015,49203.17,0.6931471805599453,10.803733654986365,3,Medium Value
3513618443244549,1,1959,94923.28,0.6931471805599453,11.460834800135762,1,Medium-High
3514865930894695,1,1992,96304.0,0.6931471805599453,11.475275517518323,1,Medium-High
3514897282719543,1,1430,73465.52,0.6931471805599453,11.204585071220558,1,Medium-High
3517527805128735,2,1471,61437.24,1.0986122886681098,11.02578772157792,1,Medium-High
3517814635263522,1,979,47592.78,0.6931471805599453,10.770457359412239,3,Medium Value
3518234918950662,1,2254,126910.85,0.6931471805599453,11.751248029957438,0,High Value
3518669219150142,1,2431,81866.59,0.6931471805599453,11.312858465025041,0,High Value
3518758680062249,1,1454,60524.03,0.6931471805599453,11.010812277469086,1,Medium-High
3519232971341141,1,997,50288.6,0.6931471805599453,10.82555357526681,3,Medium Value
3519607465576254,1,1496,75278.51,0.6931471805599453,11.228963265205133,1,Medium-High
3520550088202337,1,935,56627.44,0.6931471805599453,10.94426661149197,3,Medium Value
3521815216091574,1,1444,112324.13,0.6931471805599453,11.629152891293577,1,Medium-High
3523843138706408,1,1993,83672.34,0.6931471805599453,11.334675687221251,1,Medium-High
3525590521269779,1,2459,101232.45,0.6931471805599453,11.525184514818145,0,High Value
3525668150756629,1,981,76684.12,0.6931471805599453,11.247462965926845,1,Medium-High
3526826139003047,1,1956,96047.91,0.6931471805599453,11.472612819876193,1,Medium-High
3527063666782582,1,484,24850.0,0.6931471805599453,10.120653272163802,2,At Risk
3527536963490470,1,2434,102793.92,0.6931471805599453,11.540491214439761,0,High Value
3528040995648998,104,3,40.96,4.653960350157523,3.7367167835280966,2,At Risk
3528231451607350,2,1019,51390.57,1.0986122886681098,10.847229430210408,3,Medium Value
3529597810116815,1,1463,61953.98,0.6931471805599453,11.034163271235595,1,Medium-High
3529597930342630,1,1010,43218.52,0.6931471805599453,10.674047524029747,3,Medium Value
3531129874770000,1,2209,125167.49,0.6931471805599453,11.73741602865579,0,High Value
3531606252458308,1,491,25858.71,0.6931471805599453,10.160441438032496,2,At Risk
3533012926413100,1,2034,85730.87,0.6931471805599453,11.358979914102587,1,Medium-High
3533177016567295,1,998,48948.32,0.6931471805599453,10.798540756135914,3,Medium Value
3533742182628021,1,2528,88949.34,0.6931471805599453,11.395833515458795,0,High Value
3533800906065217,1,1451,71414.53,0.6931471805599453,11.176270631679259,1,Medium-High
3534093764340240,3,473,22921.25,1.3862943611198906,10.039863333549825,2,At Risk
3534330126107879,1,1996,154480.79,0.6931471805599453,11.94783150429575,0,High Value
3534718226968689,1,980,41604.57,0.6931471805599453,10.635989331517091,3,Medium Value
3535808924394848,1,1477,114172.33,0.6931471805599453,11.645473011276643,1,Medium-High
3537797820923602,1,500,24434.69,0.6931471805599453,10.1038000474885,2,At Risk
3538520143479972,1,1503,73998.04,0.6931471805599453,11.211807399129183,1,Medium-High
3540017235499519,2,499,38580.43,1.0986122886681098,10.56052635161002,2,At Risk
3540075240003197,1,1969,80264.47,0.6931471805599453,11.293094794999686,1,Medium-High
3540210836308425,1,1490,114609.58,0.6931471805599453,11.649295400118373,1,Medium-High
3540862542587229,1,502,22428.88,0.6931471805599453,10.018149277522234,2,At Risk
3541160328600277,1,2315,135417.08,0.6931471805599453,11.816122160826588,0,High Value
3541687240161491,1,474,22554.63,0.6931471805599453,10.023739981174868,2,At Risk
3542162746848552,2,497,23936.54,1.0986122886681098,10.083203216939882,2,At Risk
3542826960473004,151,3,39.56,5.0238805208462765,3.702782359282928,2,At Risk
3543299015720986,1,879,49408.36,0.6931471805599453,10.807895158912354,3,Medium Value
3543591270174051,1,2465,103870.7,0.6931471805599453,11.550911762700037,0,High Value
3544606805704278,1,509,24585.66,0.6931471805599453,10.109959298412655,2,At Risk
3545109339866548,1,3036,107833.85,0.6931471805599453,11.588356169071066,0,High Value
3546436741611231,181,3,38.29,5.204006687076795,3.6709700335703683,2,At Risk
3546674063249004,1,990,42145.1,0.6931471805599453,10.648897432458751,3,Medium Value
3546897637165774,1,1940,93956.53,0.6931471805599453,11.450598150645284,1,Medium-High
3547336099599450,466,3,42.449999999999996,6.1463292576688975,3.771610851711401,2,At Risk
3547560454237873,1,1496,73228.41,0.6931471805599453,11.20135239521534,1,Medium-High
3547574373318979,1,1493,70758.86,0.6931471805599453,11.167047169752827,1,Medium-High
3548710338694745,434,3,124.25,6.075346031088684,4.830311739964974,2,At Risk
3549202406645667,1,1469,76932.76,0.6931471805599453,11.250700070859804,1,Medium-High
3550554389581384,1,511,40779.26,0.6931471805599453,10.615953419782471,3,Medium Value
3551217896304745,1,2733,157934.38,0.6931471805599453,11.969941241009199,0,High Value
3551512895305309,2,476,21201.51,1.0986122886681098,9.961874849878239,2,At Risk
3552581383553463,1,1494,76380.59,0.6931471805599453,11.24349697753063,1,Medium-High
3553629419254918,1,2998,123140.28,0.6931471805599453,11.721087593083906,0,High Value
3554421171166228,200,4,157.0,5.303304908059076,5.062595033026967,2,At Risk
3554818239968984,1,495,38509.09,0.6931471805599453,10.558675563861534,2,At Risk
3556613125071656,1,2472,85261.28,0.6931471805599453,11.353487431692823,0,High Value
3557442674264531,1,447,26884.63,0.6931471805599453,10.199347222110383,2,At Risk
3558652751678952,1,1459,74085.46,0.6931471805599453,11.212988068541856,1,Medium-High
3558881852140592,1,1005,48465.41,0.6931471805599453,10.788626259663523,3,Medium Value
3559160581764413,1,1953,152003.7,0.6931471805599453,11.931666720403,0,High Value
3559679414981506,2,1343,73033.7,1.0986122886681098,11.19868994965684,1,Medium-High
3559723917628303,1,973,75929.75,0.6931471805599453,11.237577019677264,1,Medium-High
3560318482131952,1,2031,103095.95,0.6931471805599453,11.543425086638273,0,High Value
3560336828629935,1,514,23613.63,0.6931471805599453,10.069621714199851,2,At Risk
3560697798177746,1,1498,74466.81,0.6931471805599453,11.218122230457045,1,Medium-High
3560725013359375,1,1980,99208.56,0.6931471805599453,11.504989659597323,0,High Value
3560797065840735,1,2965,127230.85,0.6931471805599453,11.753766291626803,0,High Value
3561212938177173,1,502,22142.99,0.6931471805599453,10.005321406827699,2,At Risk
3561963695236764,1,1489,114624.64,0.6931471805599453,11.649426792967388,1,Medium-High
3562264947797243,2,496,23951.21,1.0986122886681098,10.083815874156045,2,At Risk
3562679455732797,1,1003,49448.43,0.6931471805599453,10.808705810189682,3,Medium Value
3562793934111141,13,3,155.73,2.6390573296152584,5.054524579665976,2,At Risk
3563837241599446,1,986,41259.9,0.6931471805599453,10.627670599281188,3,Medium Value
3564182536169293,1,970,46996.25,0.6931471805599453,10.757844368342084,3,Medium Value
3564839259330465,1,1947,93896.87,0.6931471805599453,11.449962981233005,1,Medium-High
3565196229855512,1,978,48475.42,0.6931471805599453,10.78883277313204,3,Medium Value
3565414434959494,1,509,23281.32,0.6931471805599453,10.055449553237397,2,At Risk
3565423334076143,1,1006,51026.41,0.6931471805599453,10.840118218311805,3,Medium Value
3565943051129759,1,473,24876.82,0.6931471805599453,10.12173192243543,2,At Risk
3566094707272327,1,2655,153269.08,0.6931471805599453,11.939956872947537,0,High Value
3566373869538620,1,480,23075.64,0.6931471805599453,10.046576129434898,2,At Risk
3566875419572867,1,966,75749.52,0.6931471805599453,11.235200588034523,1,Medium-High
3567527758368741,1,974,49729.21,0.6931471805599453,10.814367874503006,3,Medium Value
3567697931646329,1,2457,87558.44,0.6931471805599453,11.380073156001911,0,High Value
3567879740649740,1,1991,95542.87,0.6931471805599453,11.46734079271768,1,Medium-High
3568255211412877,1,1961,80727.92,0.6931471805599453,11.298852154373154,1,Medium-High
3568736585751727,1,1439,113669.18,0.6931471805599453,11.641056376210777,1,Medium-High
3572976568630035,1,508,26798.99,0.6931471805599453,10.19615679336455,2,At Risk
3573030041201292,1,2017,89234.48,0.6931471805599453,11.399033997330951,1,Medium-High
3573386445588324,1,989,44977.9,0.6931471805599453,10.713948769900798,3,Medium Value
3575540972310993,1,1487,51604.79,0.6931471805599453,10.851389154476987,3,Medium Value
3575789281659026,1,2979,125862.0,0.6931471805599453,11.742949292805115,0,High Value
3576144910346950,1,517,25119.3,0.6931471805599453,10.13143156318598,2,At Risk
3576207763781753,44,2,17.54,3.8066624897703196,2.919930560137709,2,At Risk
3576281490078437,1,496,38835.14,0.6931471805599453,10.567106535386205,2,At Risk
3576511691045060,1,504,21569.68,0.6931471805599453,9.979090264152866,2,At Risk
3577578023716568,1,1779,102403.01,0.6931471805599453,11.536681150977056,1,Medium-High
3577596616955856,1,503,25284.62,0.6931471805599453,10.137991133680142,2,At Risk
3577663406369449,1,486,23429.15,0.6931471805599453,10.061778933530004,2,At Risk
3577794103155425,1,974,41414.49,0.6931471805599453,10.631410244424403,3,Medium Value
3579200383632826,1,505,38798.83,0.6931471805599453,10.566171144158467,2,At Risk
3582402971899057,1,490,23679.61,0.6931471805599453,10.072411848801291,2,At Risk
3582754887089201,1,1972,95747.22,0.6931471805599453,11.469477316791766,1,Medium-High
3583293909206278,1,983,42646.56,0.6931471805599453,10.660725341435683,3,Medium Value
3583793405872580,1,1967,84558.99,0.6931471805599453,11.345216502284888,1,Medium-High
3585052663373890,1,989,49649.19,0.6931471805599453,10.812757496253509,3,Medium Value
3585740823295298,1,1491,53196.5,0.6931471805599453,10.881766681744352,1,Medium-High
3586955669388457,1,973,76387.84,0.6931471805599453,11.243591891186439,1,Medium-High
3587044315915002,1,1480,116651.58,0.6931471805599453,11.666955394650339,1,Medium-High
3587960728692500,1,1872,111353.12,0.6931471805599453,11.620470672450049,0,High Value
3589255887819806,1,2427,103948.46,0.6931471805599453,11.55166009846747,0,High Value
3589289942931264,1,2455,108280.48,0.6931471805599453,11.592489411902282,0,High Value
3590736522064285,1,2691,155733.72,0.6931471805599453,11.955909325897993,0,High Value
3590946339258737,65,1,6.48,4.189654742026425,2.012232791986386,2,At Risk
3592325941359225,2,479,23563.35,1.0986122886681098,10.067490255697116,2,At Risk
3592931352252641,1,959,48247.89,0.6931471805599453,10.784128101321162,3,Medium Value
3593118134380341,1,2014,96711.46,0.6931471805599453,11.479497525260623,0,High Value
3593399694467427,1,501,23698.46,0.6931471805599453,10.073207542053519,2,At Risk
3595111028444131,1,491,23149.37,0.6931471805599453,10.04976604210804,2,At Risk
3596217206093829,1,2953,128778.12,0.6931471805599453,11.76585396770961,0,High Value
3596357274378601,1,1993,82539.66,0.6931471805599453,11.321046299397695,1,Medium-High
3597337756918966,1,993,50838.91,0.6931471805599453,10.836436955042185,3,Medium Value
3597926034019603,1,1008,42455.8,0.6931471805599453,10.656242367367701,3,Medium Value
3597980945245815,1,497,25747.35,0.6931471805599453,10.156125826368918,2,At Risk
3598014571045296,1,861,49518.09,0.6931471805599453,10.810113530776059,3,Medium Value
3598215285024754,1,2234,126245.26,0.6931471805599453,11.745989722936438,0,High Value
3598895972308782,1,487,25158.04,0.6931471805599453,10.132972554283564,2,At Risk
3599237318576484,2,1022,47277.68,1.0986122886681098,10.763814732908518,3,Medium Value
4003771737807706,1,976,47410.43,0.6931471805599453,10.76661861785428,3,Medium Value
4025612008285111,1,1462,67690.67,0.6931471805599453,11.122718408493935,1,Medium-High
4048508450704760,1,1503,64689.68,0.6931471805599453,11.07737242065383,1,Medium-High
4060579726528237,1,1473,74000.98,0.6931471805599453,11.211847128585108,1,Medium-High
4067137330196900,1,1487,61583.82,0.6931471805599453,11.028170690581673,1,Medium-High
4069975342931683,1,1801,99730.73,0.6931471805599453,11.510239160081918,1,Medium-High
4070511711385545,1,950,44863.69,0.6931471805599453,10.711406350090545,3,Medium Value
4099707841315751,1,2518,104229.54,0.6931471805599453,11.55436045556999,0,High Value
4104312520615374,1,981,40960.03,0.6931471805599453,10.620376405881597,3,Medium Value
4119762878330989,1,1469,71295.62,0.6931471805599453,11.174604199949126,1,Medium-High
4124536010991657,1,496,24732.64,0.6931471805599453,10.11591953933233,2,At Risk
4128027264554082,1,1477,70437.98,0.6931471805599453,11.162502082096442,1,Medium-High
4129767952109660,1,1006,44370.9,0.6931471805599453,10.700361665182523,3,Medium Value
4134456652433447,3,487,23380.96,1.3862943611198906,10.059720063847655,2,At Risk
4147608975828480,1,1991,96245.97,0.6931471805599453,11.474672771135028,1,Medium-High
4149238353975790,1,1992,156311.99,0.6931471805599453,11.959615622361163,0,High Value
4155021259183870,1,1972,81290.46,0.6931471805599453,11.305796246968065,1,Medium-High
4157213332670159,485,2,13.010000000000002,6.186208623900494,2.6397713603489157,2,At Risk
4158758517677931,1,492,20440.03,0.6931471805599453,9.92529943443747,2,At Risk
4168696938629925,303,1,9.86,5.717027701406222,2.3850863145057892,2,At Risk
4169759661243568,1,2011,85098.53,0.6931471805599453,11.351576791631995,1,Medium-High
4171397999167005,3,487,25355.12,1.3862943611198906,10.140775400000525,2,At Risk
4173950183554608,1,1950,81023.2,0.6931471805599453,11.302503154465171,1,Medium-High
4178097073221156,1,1347,74861.51,0.6931471805599453,11.223408510150936,1,Medium-High
4179719215697782,1,489,20195.64,0.6931471805599453,9.913271532920161,2,At Risk
4191109180926792,3,1358,75885.38,1.3862943611198906,11.23699250064093,1,Medium-High
4195832462863385,2,514,26369.13,1.0986122886681098,10.179987209179702,2,At Risk
4204237326785494,495,2,18.67,6.206575926724928,2.979094632400968,2,At Risk
4225628813173670,76,1,7.25,4.343805421853684,2.1102132003465894,2,At Risk
4228411452607671,1,520,20289.02,0.6931471805599453,9.91788441852662,2,At Risk
4239552724014407,1,1475,76934.8,0.6931471805599453,11.250726586825666,1,Medium-High
4254074738931278,1,972,48478.45,0.6931471805599453,10.788895275794355,3,Medium Value
4260059589824237,1,476,24577.66,0.6931471805599453,10.109633865767425,2,At Risk
4265776278887457,1,1946,94041.74,0.6931471805599453,11.451504638767188,1,Medium-High
4266200684857219,1,976,46799.81,0.6931471805599453,10.753655789448269,3,Medium Value
4277232699798846,1,1439,68989.94,0.6931471805599453,11.1417304706104,1,Medium-High
4294040533480516,1,1503,64199.0,0.6931471805599453,11.069758489678053,1,Medium-High
4302475216404898,1,1475,73153.19,0.6931471805599453,11.200324684370402,1,Medium-High
4306586894261180,1,970,50282.02,0.6931471805599453,10.825422724544032,3,Medium Value
4308156300921054,1,476,38042.43,0.6931471805599453,10.546483680838369,2,At Risk
4318414072191879,46,4,58.81,3.8501476017100584,4.091172871056465,2,At Risk
4328928491302401,1,1364,76938.43,0.6931471805599453,11.250773767908685,1,Medium-High
4334230547694630,1,1978,98199.81,0.6931471805599453,11.494769742781044,1,Medium-High
4335531783520911,1,488,16224.02,0.6931471805599453,9.69430977423717,2,At Risk
4342532437704183,1,1477,61956.46,0.6931471805599453,11.03420329950072,1,Medium-High
4344955088481397,1,1466,113589.79,0.6931471805599453,11.640357708038856,1,Medium-High
4348786085525522,1,477,36295.76,0.6931471805599453,10.499483760071024,2,At Risk
4365382885912355,1,987,77931.94,0.6931471805599453,11.2636039922905,1,Medium-High
4377338765909719,1,1996,83041.76,0.6931471805599453,11.327110934841599,1,Medium-High
4378993458389626,1,1471,52354.06,0.6931471805599453,10.865803868743253,3,Medium Value
4384910379661778,1,1443,71151.31,0.6931471805599453,11.172578069610786,1,Medium-High
4412720572684931,2,502,25129.13,1.0986122886681098,10.131822803624138,2,At Risk
4423489490781412,1,1483,70508.48,0.6931471805599453,11.163502447845444,1,Medium-High
4424338559877976,1,1920,96189.01,0.6931471805599453,11.474080785107567,1,Medium-High
4428154703770710,1,1014,47043.97,0.6931471805599453,10.758859231753343,3,Medium Value
4430881574719618,1,1958,93888.42,0.6931471805599453,11.449872985791826,1,Medium-High
4446368897795790,1,1984,154417.63,0.6931471805599453,11.947422569915668,0,High Value
4449530933957323,1,1978,97270.78,0.6931471805599453,11.485264195274544,1,Medium-High
4450831335606294,1,1972,84488.16,0.6931471805599453,11.344378521092498,1,Medium-High
4451438912406400,1,941,56995.39,0.6931471805599453,10.950743211477713,3,Medium Value
4451952084362894,1,1956,154062.19,0.6931471805599453,11.945118121910943,0,High Value
4452366298769043,1,2475,102480.74,0.6931471805599453,11.537439915349193,0,High Value
4474324669797121,1,1473,73965.88,0.6931471805599453,11.211372704430481,1,Medium-High
4482427013979020,1,1489,73586.55,0.6931471805599453,11.20623113279951,1,Medium-High
4488941175228467,1,900,50797.9,0.6931471805599453,10.835629979788825,3,Medium Value
4492491748959010,3,481,37871.99,1.3862943611198906,10.541993472096514,2,At Risk
4492677353108006,482,1,10.91,6.180016653652572,2.477378383367209,2,At Risk
4501449508569485,1,488,38235.36,0.6931471805599453,10.551542174350127,2,At Risk
4509142395811241,1,1951,93905.37,0.6931471805599453,11.450053501021118,1,Medium-High
4509922033272157,1,1011,41610.67,0.6931471805599453,10.636135935754648,3,Medium Value
4514242065619750,1,1751,98216.53,0.6931471805599453,11.494939991649254,1,Medium-High
4518350514020532,1,979,41611.92,0.6931471805599453,10.636165974953402,3,Medium Value
4555104582813474,1,470,36290.67,0.6931471805599453,10.49934351733514,2,At Risk
4561368699336875,1,1016,40446.04,0.6931471805599453,10.607748743047654,3,Medium Value
4575255480814133,41,1,12.56,3.7376696182833684,2.6071242825122494,2,At Risk
4586810168620942,1,2746,167434.97,0.6931471805599453,12.028356288507254,0,High Value
4587577161160601,1,1990,85645.09,0.6931471805599453,11.357978851805386,1,Medium-High
4599285557366057,2,921,53321.42,1.0986122886681098,10.884112159609302,3,Medium Value
4607072969078276,1,1483,61128.38,0.6931471805599453,11.02074788065169,1,Medium-High
4610050989831291,1,1483,114543.48,0.6931471805599453,11.64871849815659,1,Medium-High
4610064888664703,1,444,26583.64,0.6931471805599453,10.188088884375999,2,At Risk
4629451965224809,1,1477,52532.34,0.6931471805599453,10.869203294641352,1,Medium-High
4634955908138648,1,1987,86452.67,0.6931471805599453,11.367363942494922,1,Medium-High
4642255475285942,1,2936,125911.71,0.6931471805599453,11.743344168074424,0,High Value
4651007077623147,1,1003,49012.17,0.6931471805599453,10.7998443164893,3,Medium Value
4653879239169997,1,2496,88134.26,0.6931471805599453,11.386627958869559,0,High Value
4657269323674365,1,985,48187.8,0.6931471805599453,10.7828819078925,3,Medium Value
4658490815480264,1,1997,98360.67,0.6931471805599453,11.49640647463252,0,High Value
4669558618943766,499,1,11.98,6.214608098422191,2.563409711275944,2,At Risk
4670613943676271,1,978,46397.91,0.6931471805599453,10.74503124655911,3,Medium Value
4671727014157745,1,1986,97012.56,0.6931471805599453,11.482606041529708,1,Medium-High
4681601008538160,1,2253,125296.44,0.6931471805599453,11.738445709709762,0,High Value
4682744518117239,1,489,24317.43,0.6931471805599453,10.098989778075227,2,At Risk
4698163635895795,2,487,20672.35,1.0986122886681098,9.936600710177556,2,At Risk
4707867759656333,1,1465,69453.75,0.6931471805599453,11.14843074037213,1,Medium-High
4708992452821239,1,1958,92295.08,0.6931471805599453,11.432756949383208,1,Medium-High
4710792708725663,1,982,41719.62,0.6931471805599453,10.638750769982234,3,Medium Value
4713464490314802,1,512,40256.8,0.6931471805599453,10.603059052891957,3,Medium Value
4716561796955522,1,3002,123788.45,0.6931471805599453,11.726337417507665,0,High Value
4725673654161314,1,494,25880.43,0.6931471805599453,10.161281002111519,2,At Risk
4727244663135968,1,1504,77468.4,0.6931471805599453,11.257638298662433,1,Medium-High
4740713119940984,1,1006,49608.23,0.6931471805599453,10.81193218411034,3,Medium Value
4764202053279782,2,496,20307.12,1.0986122886681098,9.918776085051206,2,At Risk
4767265376804500,1,530,26261.79,0.6931471805599453,10.17590838745307,2,At Risk
4777065439639721,1,1495,117735.47,0.6931471805599453,11.676204100818042,1,Medium-High
4789911625179723,1,444,24735.44,0.6931471805599453,10.116032739068533,2,At Risk
4800395067176717,1,1498,74664.14,0.6931471805599453,11.220768595531466,1,Medium-High
4822367783500458,1,956,40377.01,0.6931471805599453,10.606040608829755,3,Medium Value
4824023901222438,1,492,24054.14,0.6931471805599453,10.08810397411246,2,At Risk
4826655832045236,1,2008,96713.31,0.6931471805599453,11.479516653946895,1,Medium-High
4836998673805450,1,2638,151779.39,0.6931471805599453,11.930189952463103,0,High Value
4839043708100390,1,935,52672.46,0.6931471805599453,10.871867002364615,3,Medium Value
4839615922685395,1,2029,96060.14,0.6931471805599453,11.472740142731157,0,High Value
4841313716651064,1,1960,151445.78,0.6931471805599453,11.927989555087072,0,High Value
4859525594182537,1,1001,43251.22,0.6931471805599453,10.67480384052248,3,Medium Value
4873783502705038,1,1767,103502.45,0.6931471805599453,11.54736022446535,1,Medium-High
4874006077381178,1,493,21981.17,0.6931471805599453,9.99798694919916,2,At Risk
4874017206859125,1,1400,82392.06,0.6931471805599453,11.31925648904961,1,Medium-High
4878364946692291,2,468,22750.58,1.0986122886681098,10.03238987251697,2,At Risk
4879265611163287,2,494,38370.06,1.0986122886681098,10.555058808608697,2,At Risk
4893092478075970,42,1,7.25,3.7612001156935624,2.1102132003465894,2,At Risk
4904681492230012,1,3010,128169.86,0.6931471805599453,11.761119496539855,0,High Value
4908846471916297,1,2643,145928.36,0.6931471805599453,11.890877947987814,0,High Value
4914700582394237,4,492,24396.99,1.6094379124341003,10.102256030838937,2,At Risk
4917187576956394,1,962,45849.03,0.6931471805599453,10.733131131991922,3,Medium Value
4922710831011201,2,961,47028.76,1.0986122886681098,10.758535871800408,3,Medium Value
4926376199189801,1,1350,76629.4,0.6931471805599453,11.2467491438386,1,Medium-High
4935858973307492,1,1490,116633.08,0.6931471805599453,11.666796791496273,1,Medium-High
4939976756738216,1,2672,148308.4,0.6931471805599453,11.907055911147621,0,High Value
4951647200979051,1,1980,84551.43,0.6931471805599453,11.345127094304031,1,Medium-High
4961003488432306,1,993,47236.48,0.6931471805599453,10.762942924265223,3,Medium Value
4972228199573984,1,476,22733.85,0.6931471805599453,10.031654268480583,2,At Risk
4979422371139333,1,1984,97810.45,0.6931471805599453,11.49079692483471,1,Medium-High
4986925034905735,2,480,25317.15,1.0986122886681098,10.13927680881782,2,At Risk
4996263498048679,1,992,43359.24,0.6931471805599453,10.67729817115356,3,Medium Value
5104807169438134,1,912,50779.55,0.6931471805599453,10.835268686235855,3,Medium Value
5130484058948421,1,968,77441.3,0.6931471805599453,11.257288421922633,1,Medium-High
5144043920225212,446,1,9.47,6.102558594613569,2.3485140248824456,2,At Risk
5154903938030655,1,467,27229.91,0.6931471805599453,10.212108004132538,2,At Risk
5289285402893489,1,490,20487.74,0.6931471805599453,9.927630745930728,2,At Risk
5359543825610251,1,1977,83736.36,0.6931471805599453,11.335440512923798,1,Medium-High
5388659976630693,1,1509,74600.68,0.6931471805599453,11.219918306045518,1,Medium-High
5410056176712193,2,469,19034.42,1.0986122886681098,9.854056733190987,2,At Risk
5456712664803820,1,995,47094.59,0.6931471805599453,10.759934645047645,3,Medium Value
5456776410929288,1,1972,96888.99,0.6931471805599453,11.48133149016922,1,Medium-High
5559857416065248,2,1504,74018.67,1.0986122886681098,11.212086147675683,1,Medium-High
5580563567307107,1,1009,77793.96,0.6931471805599453,11.261831926577068,1,Medium-High
6011104316292105,1,2469,104413.7,0.6931471805599453,11.55612574911634,0,High Value
6011149206456997,1,505,39054.3,0.6931471805599453,10.572733869489738,2,At Risk
6011197122270059,1,485,20875.7,0.6931471805599453,9.946388983528982,2,At Risk
6011231546538393,1,1006,40306.19,0.6931471805599453,10.604285143931932,3,Medium Value
6011252220172077,3,941,56593.5,1.3862943611198906,10.943667086324782,3,Medium Value
6011360759745864,1,993,48517.29,0.6931471805599453,10.789696119238249,3,Medium Value
6011366578560244,1,1993,70238.46,0.6931471805599453,11.15966554035234,1,Medium-High
6011367958204270,1,2703,154451.01,0.6931471805599453,11.94763871218241,0,High Value
6011381817520024,1,973,42153.88,0.6931471805599453,10.649105733715315,3,Medium Value
6011382886333463,2,953,49215.45,1.0986122886681098,10.803983196191526,3,Medium Value
6011388901471808,1,2007,96768.83,0.6931471805599453,11.480090551130653,1,Medium-High
6011399591920186,1,1965,85370.0,0.6931471805599453,11.35476174365251,1,Medium-High
6011438889172900,1,2678,150447.03,0.6931471805599453,11.921372987921284,0,High Value
6011477612335392,1,513,25408.89,0.6931471805599453,10.14289374730051,2,At Risk
6011492816282597,1,1506,62817.24,0.6931471805599453,11.04800075614493,1,Medium-High
6011504998544485,1,2999,129042.72,0.6931471805599453,11.767906540653868,0,High Value
6011542681743618,1,2023,83382.49,0.6931471805599453,11.331205607119152,1,Medium-High
6011552879910390,1,1002,78036.55,0.6931471805599453,11.264945400087399,1,Medium-High
6011581063717667,1,486,23962.81,0.6931471805599453,10.084300054612878,2,At Risk
6011603272871604,1,984,50141.42,0.6931471805599453,10.82262263540597,3,Medium Value
6011626928491360,1,993,50439.14,0.6931471805599453,10.828542565649945,3,Medium Value
6011652924285713,1,2960,124038.0,0.6931471805599453,11.728351311266376,0,High Value
6011679934075347,1,1482,61441.0,0.6931471805599453,11.025848919375079,1,Medium-High
6011681934117244,2,996,49650.53,1.0986122886681098,10.812784484708494,3,Medium Value
6011693194885790,1,2499,84845.73,0.6931471805599453,11.348601731322216,0,High Value
6011706277606006,1,501,24632.31,0.6931471805599453,10.111854871041754,2,At Risk
6011724471098086,1,2231,125861.49,0.6931471805599453,11.742945240772084,0,High Value
6011826317034777,420,2,31.509999999999998,6.042632833682381,3.481547734315814,2,At Risk
6011860238257910,1,2019,98001.9,0.6931471805599453,11.492752349051614,0,High Value
6011917798331152,1,966,48299.66,0.6931471805599453,10.785200504143578,3,Medium Value
6011934240159560,1,965,75103.4,0.6931471805599453,11.226634424584585,1,Medium-High
6011948324228984,1,502,24521.29,0.6931471805599453,10.10733777883773,2,At Risk
6011999606625827,1,1448,74086.9,0.6931471805599453,11.213007505102945,1,Medium-High
6501313409525696,4,453,23812.6,1.6094379124341003,10.078012125027858,2,At Risk
6502195877055606,2,493,38747.49,1.0986122886681098,10.564847066280295,2,At Risk
6506982560413523,1,921,49444.08,0.6931471805599453,10.808617837662132,3,Medium Value
6511349151405438,1,1489,72634.71,0.6931471805599453,11.193211953161116,1,Medium-High
6515067575568369,3,497,20149.97,1.3862943611198906,9.911007705174002,2,At Risk
6517217825320610,1,2010,95010.07,0.6931471805599453,11.461748690109804,1,Medium-High
6517779374888867,181,1,7.84,5.204006687076795,2.179286876649552,2,At Risk
6523180720198790,1,480,23444.38,0.6931471805599453,10.062428739539062,2,At Risk
6524376634971418,1,990,52511.31,0.6931471805599453,10.868802897284946,3,Medium Value
6526448584969862,1,492,25721.48,0.6931471805599453,10.155120596720263,2,At Risk
6526777409109795,2,469,23747.5,1.0986122886681098,10.075274649573506,2,At Risk
6528911529051375,2,1025,48640.34,1.0986122886681098,10.792229065602678,3,Medium Value
6534628260579800,1,3013,105435.4,0.6931471805599453,11.565863206513097,0,High Value
6538441737335434,1,2770,164323.77,0.6931471805599453,12.0096000534655,0,High Value
6538891242532018,1,2705,153158.7,0.6931471805599453,11.93923644685335,0,High Value
6544734391390261,1,1477,63582.08,0.6931471805599453,11.06010267619805,1,Medium-High
6547670341037171,1,1469,70313.16,0.6931471805599453,11.16072847999108,1,Medium-High
6554245334757802,1,1471,73304.16,0.6931471805599453,11.202386281031465,1,Medium-High
6564459919350820,2,497,22167.62,1.0986122886681098,10.006433054394222,2,At Risk
6592861994408652,1,1460,61734.42,0.6931471805599453,11.030613113250752,1,Medium-High
6593250708747804,1,1361,75605.4,0.6931471805599453,11.233296214669156,1,Medium-High
6595970453799027,1,1494,73202.98,0.6931471805599453,11.201005070056022,1,Medium-High
6596735789587928,1,982,51608.37,0.6931471805599453,10.851458524131628,3,Medium Value
6597248210463122,1,489,23098.9,0.6931471805599453,10.047583567496186,2,At Risk
6597888193422452,1,1992,94467.47,0.6931471805599453,11.456021407014374,1,Medium-High
4018105808392773675,1,985,47939.6,0.6931471805599453,10.77771802355461,3,Medium Value
4040099974063068803,1,1455,113645.31,0.6931471805599453,11.64084636064976,1,Medium-High
4045036286570100739,1,966,49944.31,0.6931471805599453,10.818683885774497,3,Medium Value
4063094974360571498,1,964,42620.23,0.6931471805599453,10.660107764926462,3,Medium Value
4089096483689733451,1,1335,75705.22,0.6931471805599453,11.234615602496563,1,Medium-High
4092452671396169678,1,1971,94199.33,0.6931471805599453,11.453178963743031,1,Medium-High
4110266553600176127,1,492,20291.62,0.6931471805599453,9.91801255213269,2,At Risk
4128730454058057622,1,1967,92574.59,0.6931471805599453,11.435780778972415,1,Medium-High
4180192513916047166,457,4,147.63,6.126869184114185,5.001459996160803,2,At Risk
4181833256558613886,1,2498,106434.89,0.6931471805599453,11.575298111042843,0,High Value
4208110975550360171,1,994,77759.33,0.6931471805599453,11.261386682952477,1,Medium-High
4209696857872688515,2,503,20775.39,1.0986122886681098,9.941572524826006,2,At Risk
4210078554961359092,1,1490,71574.17,0.6931471805599453,11.178503505094477,1,Medium-High
4223708906367574214,1,1989,155002.91,0.6931471805599453,11.95120562138967,0,High Value
4225990116481262579,1,995,48920.4,0.6931471805599453,10.797970207543703,3,Medium Value
4226219726886852999,2,450,25791.81,1.0986122886681098,10.157851049900074,2,At Risk
4243521033756702612,418,2,18.490000000000002,6.037870919922137,2.9699015135194697,2,At Risk
4244953610136705533,1,495,38230.05,0.6931471805599453,10.551403291654648,2,At Risk
4257110907449569602,513,4,55.39,6.2422232654551655,4.03229183781909,2,At Risk
4292743669224718067,1,1513,63586.55,0.6931471805599453,11.060172975448777,1,Medium-High
4292902571056973207,1,1439,83610.43,0.6931471805599453,11.333935512215163,1,Medium-High
4301028321766222513,1,1949,150981.21,0.6931471805599453,11.924917294286843,0,High Value
4311368326621416041,1,998,48494.53,0.6931471805599453,10.78922690772967,3,Medium Value
4312133045694601139,1,998,43389.67,0.6931471805599453,10.677999720019113,3,Medium Value
4319584480204988982,1,1951,94663.13,0.6931471805599453,11.458090432341573,1,Medium-High
4355790796238264643,1,1441,69879.0,0.6931471805599453,11.154534764247993,1,Medium-High
4358137750029944984,1,1024,45444.81,0.6931471805599453,10.724275906137017,3,Medium Value
4373370572092720777,1,481,20779.6,0.6931471805599453,9.941775138153602,2,At Risk
4400011257587661852,1,1961,82597.12,0.6931471805599453,11.321742198959493,1,Medium-High
4410582919485061752,1,983,49214.42,0.6931471805599453,10.803962268010439,3,Medium Value
4457136361520330110,74,3,169.94,4.31748811353631,5.141312617737872,2,At Risk
4457732997086323466,1,1970,155031.34,0.6931471805599453,11.951389019299299,0,High Value
4462038234743679432,1,467,24078.88,0.6931471805599453,10.089131916021636,2,At Risk
4469777115158234880,1,1982,81993.01,0.6931471805599453,11.31440147479771,1,Medium-High
4477156602511939689,1,908,48910.06,0.6931471805599453,10.797758825758178,3,Medium Value
4481172224716138389,347,1,11.58,5.8522024797744745,2.5321082512722946,2,At Risk
4497913965512794052,1,1003,51881.95,0.6931471805599453,10.856745498803004,3,Medium Value
4502539526809429801,1,1451,70752.12,0.6931471805599453,11.166951913473083,1,Medium-High
4512828414983801773,1,3023,130716.59,0.6931471805599453,11.780794473571369,0,High Value
4536996888716062123,1,2521,104345.28,0.6931471805599453,11.55547026261259,0,High Value
4560395181594436016,1,1756,94336.22,0.6931471805599453,11.454631088521937,1,Medium-High
4587657402165341815,1,2766,168830.65,0.6931471805599453,12.036657343568066,0,High Value
4599735407877245080,1,968,50450.77,0.6931471805599453,10.828773109408141,3,Medium Value
4646845581490336108,1,2244,130360.18,0.6931471805599453,11.778064184766928,0,High Value
4653178848915023204,1,972,40785.25,0.6931471805599453,10.616100293787765,3,Medium Value
4659625317833446364,466,1,11.93,6.1463292576688975,2.559550192783766,2,At Risk
4661996144291811856,1,991,43908.38,0.6931471805599453,10.689883243665598,3,Medium Value
4666314527820883145,1,490,37393.76,0.6931471805599453,10.529285866634856,2,At Risk
4689147265057948423,1,1485,74531.12,0.6931471805599453,11.2189854523927,1,Medium-High
4710826438164847414,1,1489,73194.13,0.6931471805599453,11.200884167681536,1,Medium-High
4715741951931168360,1,1524,71626.31999999999,0.6931471805599453,11.179231844417423,1,Medium-High
4725837176265195730,1,444,24937.26,0.6931471805599453,10.124158449358307,2,At Risk
4736845434667908128,1,1964,94392.71,0.6931471805599453,11.455229718557693,1,Medium-High
4742883543039288059,1,1484,63660.64,0.6931471805599453,11.061337462364133,1,Medium-High
4756039869079882102,1,516,25663.05,0.6931471805599453,10.152846458918708,2,At Risk
4761403817546679245,1,1508,63244.92,0.6931471805599453,11.054785898580317,1,Medium-High
4769426683924058915,1,1951,95317.25,0.6931471805599453,11.464976571833068,1,Medium-High
4792627764422477317,1,2717,152648.64,0.6931471805599453,11.93590063982418,0,High Value
4797297220948468262,1,2488,101480.34,0.6931471805599453,11.527630218198368,0,High Value
4810789809665942990,1,1487,60635.01,0.6931471805599453,11.012644219998425,1,Medium-High
4810839835482794272,1,1984,84959.18,0.6931471805599453,11.34993795511759,1,Medium-High
4855488158131690372,1,1965,153622.55,0.6931471805599453,11.942260408255851,0,High Value
4855853415727304322,1,485,24095.61,0.6931471805599453,10.089826445684237,2,At Risk
4861310130652566408,1,2205,122623.51,0.6931471805599453,11.716882200937153,0,High Value
4897067971111209737,2,993,38203.53,1.0986122886681098,10.55070937395129,3,Medium Value
4906628655840914250,1,2505,101906.33,0.6931471805599453,11.531819149891652,0,High Value
4958589671582726883,1,1422,70980.35,0.6931471805599453,11.170172445461716,1,Medium-High
4973530368125489546,1,999,53219.25,0.6931471805599453,10.882194242002797,3,Medium Value
4980323467523543940,2,503,25503.92,1.0986122886681098,10.146626653712232,2,At Risk
4989847570577635369,1,889,49868.47,0.6931471805599453,10.817164270851851,3,Medium Value
4992346398065154184,1,1974,96895.78,0.6931471805599453,11.481401567192565,1,Medium-High
