cc_num,Recency,Frequency,Monetary,Avg_Amt,Fraud_Rate,R_score,F_score,M_score,RFM_Score,FM_score,Segment
60416207185,1,1476,63779.8,43.21124661246613,0.0040650406504065045,5,3,3,11,3.0,Loyal Customers
60422928733,1,1459,76538.87,52.459814941740916,0.0013708019191226869,5,3,4,12,3.5,Loyal Customers
60423098130,3,489,22848.04,46.7240081799591,0.010224948875255624,1,1,1,3,1.0,Hibernating
60427851591,2,494,38768.06,78.47785425101215,0.0020242914979757085,1,1,2,4,1.5,Hibernating
60490596305,1,958,47932.06,50.03346555323591,0.0010438413361169101,5,2,2,9,2.0,Hibernating
501802953619,1,1512,74913.4,49.545899470899464,0.0006613756613756613,5,4,4,13,4.0,Champions
501828204849,2,489,23717.93,48.502924335378324,0.00408997955010225,1,1,1,3,1.0,Hibernating
501831082224,1,987,47299.54,47.92253292806485,0.002026342451874367,5,2,2,9,2.0,Hibernating
501851115094,454,5,39.379999999999995,7.8759999999999994,1.0,1,1,1,3,1.0,Hibernating
501882822387,1,485,22547.1,46.48886597938144,0.0,5,1,1,7,1.0,New Customers
502012776709,1,1932,92879.05,48.07404244306419,0.0010351966873706005,5,4,4,13,4.0,Champions
502038091380,1,1523,119007.96,78.14048588312542,0.0013131976362442547,5,4,5,14,4.5,Champions
502049568400,1,992,48579.42,48.97118951612903,0.0010080645161290322,5,3,2,10,2.5,Hibernating
503848303379,1,1490,64907.85,43.56231543624161,0.0013422818791946308,5,4,3,12,3.5,Loyal Customers
503886119844,6,1,21.86,21.86,1.0,1,1,1,3,1.0,Hibernating
560881134780,1,491,25644.38,52.22887983706721,0.004073319755600814,5,1,2,8,1.5,New Customers
565399283797,1,494,37857.6,76.63481781376518,0.0020242914979757085,5,1,2,8,1.5,New Customers
568279015842,1,1033,78926.94,76.40555663117135,0.001936108422071636,5,3,4,12,3.5,Loyal Customers
570273151375,1,492,23505.63,47.77567073170732,0.0,5,1,1,7,1.0,New Customers
571314334723,1,484,19446.61,40.17894628099174,0.014462809917355372,5,1,1,7,1.0,New Customers
571365235126,1,3006,131398.84,43.71218895542249,0.00166333998669328,5,5,5,15,5.0,Champions
571465035400,1,1942,149716.64,77.0940473738414,0.0010298661174047373,5,4,5,14,4.5,Champions
573283817795,1,516,24428.57,47.34218992248062,0.0,5,2,1,8,1.5,New Customers
573860193545,1,2015,83195.3,41.28799007444169,0.0009925558312655087,5,5,4,14,4.5,Champions
577588686219,1,1417,84592.58,59.698362738179256,0.0,5,3,4,12,3.5,Loyal Customers
577891228931,500,1,9.91,9.91,1.0,1,1,1,3,1.0,Hibernating
580954173374,1,1007,51456.92,51.09922542204568,0.003972194637537239,5,3,3,11,3.0,Loyal Customers
581293083266,1,1487,116393.74,78.2742030934768,0.0013449899125756557,5,4,5,14,4.5,Champions
581508178315,2,482,38195.63,79.24404564315353,0.0,1,1,2,4,1.5,Hibernating
581686439828,1,2473,108386.02,43.8277476748888,0.001213101496158512,5,5,5,15,5.0,Champions
583699482621,1,1460,75343.6,51.60520547945206,0.0,5,3,4,12,3.5,Loyal Customers
584673555952,1,1970,92970.11,47.19294923857868,0.0,5,4,4,13,4.0,Champions
630412733309,1,502,22918.53,45.65444223107569,0.00597609561752988,5,2,1,8,1.5,New Customers
630423337322,1,2948,120751.01,40.960315468113976,0.0,5,5,5,15,5.0,Champions
630424987505,1,3014,129594.56,42.99753151957531,0.0013271400132714001,5,5,5,15,5.0,Champions
630425673344,1,1507,72146.86,47.87449236894492,0.0033178500331785005,5,4,3,12,3.5,Loyal Customers
630441765090,1,1945,94140.01,48.401033419023136,0.0005141388174807198,5,4,4,13,4.0,Champions
630451534402,1,2963,125175.03,42.246044549443134,0.0013499831252109348,5,5,5,15,5.0,Champions
630469040731,1,1971,95170.78,48.28553018772197,0.0,5,4,4,13,4.0,Champions
630471368021,1,501,38925.22,77.6950499001996,0.001996007984031936,5,2,2,9,2.0,Hibernating
630484879808,1,1928,149982.95,77.79198651452283,0.0015560165975103733,5,4,5,14,4.5,Champions
639023984367,1,2473,105267.42,42.56668823291549,0.0028305701577031944,5,5,5,15,5.0,Champions
639030014711,1,998,76517.67,76.6710120240481,0.003006012024048096,5,3,4,12,3.5,Loyal Customers
639046421587,1,969,74933.6,77.33085655314758,0.0,5,2,4,11,3.0,Loyal Customers
639095706599,1,511,24542.9,48.02915851272016,0.0,5,2,1,8,1.5,New Customers
675909898057,1,965,46501.12,48.18768911917099,0.0010362694300518134,5,2,2,9,2.0,Hibernating
675945690716,1,1517,54611.28,35.99952537903757,0.0026367831245880024,5,4,3,12,3.5,Loyal Customers
675961917837,1,518,24936.25,48.13947876447877,0.0,5,2,1,8,1.5,New Customers
675990301623,1,1979,83452.44,42.16899444163719,0.00202122283981809,5,5,4,14,4.5,Champions
676118385837,1,986,52028.34,52.76707910750507,0.004056795131845842,5,2,3,10,2.5,Hibernating
676148621961,1,993,48532.8,48.874924471299096,0.0030211480362537764,5,3,2,10,2.5,Hibernating
676195318214,1,1981,83338.64,42.06897526501767,0.001514386673397274,5,5,4,14,4.5,Champions
676234256292,3,483,36905.4,76.40869565217392,0.0,1,1,2,4,1.5,Hibernating
676275912597,3,508,39965.57,78.67238188976378,0.0,1,2,2,5,2.0,Hibernating
676281772837,1,1465,74597.42,50.91974061433447,0.0,5,3,4,12,3.5,Loyal Customers
676292294938,1,497,24158.29,48.60822937625755,0.002012072434607646,5,2,1,8,1.5,New Customers
676298633337,2,1475,61782.5,41.8864406779661,0.004067796610169492,1,3,3,7,3.0,At Risk
676308307625,1,493,21232.08,43.06709939148073,0.010141987829614604,5,1,1,7,1.0,New Customers
676314217768,1,453,26875.77,59.328410596026494,0.0,5,1,2,8,1.5,New Customers
676326610042,2,435,23526.19,54.08319540229885,0.01839080459770115,1,1,1,3,1.0,Hibernating
676327197445,247,1,9.98,9.98,1.0,1,1,1,3,1.0,Hibernating
676372984911,1,2500,105177.13,42.070852,0.0016,5,5,5,15,5.0,Champions
4006047418382,1,972,46787.02,48.13479423868313,0.00102880658436214,5,2,2,9,2.0,Hibernating
4026222041577,3,451,25358.99,56.22835920177384,0.0,1,1,2,4,1.5,Hibernating
4066595222529,1,1458,69098.58,47.39271604938272,0.0,5,3,3,11,3.0,Loyal Customers
4076173495454,457,2,18.04,9.02,1.0,1,1,1,3,1.0,Hibernating
4079773899158,1,1958,95904.5,48.98084780388151,0.0005107252298263534,5,4,4,13,4.0,Champions
4103158249977,1,489,37892.27,77.48930470347648,0.0,5,1,2,8,1.5,New Customers
4149635823017,1,1933,82510.29,42.68509570615623,0.0010346611484738748,5,4,4,13,4.0,Champions
4158008602445,2,507,19484.88,38.43171597633136,0.0039447731755424065,1,2,1,4,1.5,Hibernating
4169388510116,1,1490,72624.18,48.74106040268456,0.0,5,4,3,12,3.5,Loyal Customers
4186530744674,1,1514,76562.6,50.56974900924703,0.002642007926023778,5,4,4,13,4.0,Champions
4189814094741,1,480,17179.3,35.79020833333333,0.0,5,1,1,7,1.0,New Customers
4198470814557,1,1965,82666.66,42.06954707379135,0.002035623409669211,5,4,4,13,4.0,Champions
4220345354880,1,1494,77221.12,51.68749665327978,0.0006693440428380187,5,4,4,13,4.0,Champions
4247921790666,1,1471,74113.27,50.38291638341265,0.0006798096532970768,5,3,3,11,3.0,Loyal Customers
4259996134423,1,981,47910.1,48.83802242609582,0.0030581039755351682,5,2,2,9,2.0,Hibernating
4260128500325,1,1387,82489.45,59.473287671232875,0.003604902667627974,5,3,4,12,3.5,Loyal Customers
4279161831637,1,975,39921.48,40.945107692307694,0.005128205128205128,5,2,2,9,2.0,Hibernating
4294930380592,1,2000,95364.66,47.68233,0.001,5,5,4,14,4.5,Champions
4393520897625,1,982,76816.33,78.22436863543788,0.0010183299389002036,5,2,4,11,3.0,Loyal Customers
4427805710168,2,1514,51858.27,34.252490092470275,0.0,1,4,3,8,3.5,At Risk
4457486401506,215,2,18.240000000000002,9.120000000000001,1.0,1,1,1,3,1.0,Hibernating
4464457352619,1,2491,108412.86,43.5218225612204,0.0012043356081894822,5,5,5,15,5.0,Champions
4471568287204,1,1010,51694.66,51.18283168316832,0.0,5,3,3,11,3.0,Loyal Customers
4476840372112,1,2031,83111.93,40.92167897587395,0.0,5,5,4,14,4.5,Champions
4481131401752,2,995,41514.1,41.72271356783919,0.0,1,3,2,6,2.5,Hibernating
4500002361389,1,1947,93370.49,47.95608115048793,0.001027221366204417,5,4,4,13,4.0,Champions
4505383113689,1,975,49873.96,51.15277948717949,0.0,5,2,3,10,2.5,Hibernating
4538566639857,1,1495,73408.37,49.10258862876254,0.0,5,4,3,12,3.5,Loyal Customers
4561546772499,1,2451,104267.26,42.540701754385964,0.0004079967360261118,5,5,5,15,5.0,Champions
4562827002127,1,1024,45173.72,44.1149609375,0.001953125,5,3,2,10,2.5,Hibernating
4585132874641,1,1483,61465.95,41.44703304113283,0.004720161834120027,5,4,3,12,3.5,Loyal Customers
4586260469584,1,1970,97917.3,49.704213197969544,0.0,5,4,5,14,4.5,Champions
4593569795412,482,6,69.5,11.583333333333334,1.0,1,1,1,3,1.0,Hibernating
4598025465633,231,2,153.38,76.69,1.0,1,1,1,3,1.0,Hibernating
4613314721966,1,1439,112060.97,77.87419735927728,0.0006949270326615705,5,3,5,13,4.0,Champions
4623560839669,1,1994,98862.23,49.57985456369107,0.0,5,5,5,15,5.0,Champions
4629125581019,174,2,30.99,15.495,1.0,1,1,1,3,1.0,Hibernating
4640395708703,1,1975,95506.16,48.35754936708861,0.0,5,4,4,13,4.0,Champions
4642894980163,1,1947,80762.2,41.480328710837185,0.0025680534155110425,5,4,4,13,4.0,Champions
4658117080136,1,958,41377.31,43.19134655532359,0.0010438413361169101,5,2,2,9,2.0,Hibernating
4683638447911,1,1961,152171.91,77.59913819479857,0.0010198878123406426,5,4,5,14,4.5,Champions
4687263141103,1,502,22375.66,44.57302788844621,0.013944223107569721,5,2,1,8,1.5,New Customers
4745996322265,1,2742,166597.77,60.75775711159737,0.00036469730123997083,5,5,5,15,5.0,Champions
4748866581408,24,1,6.8,6.8,1.0,1,1,1,3,1.0,Hibernating
4755696071492,1,2500,106050.19,42.420076,0.0,5,5,5,15,5.0,Champions
4760122961662,1,484,23432.079999999998,48.41338842975206,0.008264462809917356,5,1,1,7,1.0,New Customers
4783226709001,1,1514,76795.08,50.72330250990753,0.0019815059445178335,5,4,4,13,4.0,Champions
4788103653396,1,947,48753.39,51.48193241816262,0.0031678986272439284,5,2,2,9,2.0,Hibernating
4806443445305,3,491,15701.61,31.978839103869657,0.002036659877800407,1,1,1,3,1.0,Hibernating
4807552641361,1,492,24573.98,49.94711382113821,0.0,5,1,1,7,1.0,New Customers
4862293128558,1,2010,95308.42,47.41712437810945,0.0014925373134328358,5,5,4,14,4.5,Champions
4917226033950,1,502,23421.47,46.65631474103586,0.013944223107569721,5,2,1,8,1.5,New Customers
4957924165498,1,1005,48973.0,48.72935323383084,0.001990049751243781,5,3,2,10,2.5,Hibernating
4981132848794,1,1467,68775.99,46.88206543967281,0.0,5,3,3,11,3.0,Loyal Customers
4988304376504,1,1978,98510.61,49.80313953488372,0.0015166835187057635,5,5,5,15,5.0,Champions
4990494243023,1,1999,99777.41,49.91366183091546,0.0030015007503751876,5,5,5,15,5.0,Champions
30011465039817,2,444,25940.64,58.424864864864865,0.0,1,1,2,4,1.5,Hibernating
30026790933302,1,1965,154204.81,78.47573027989822,0.0,5,4,5,14,4.5,Champions
30029052116970,1,2008,85047.83,42.35449701195219,0.0,5,5,4,14,4.5,Champions
30030380240193,1,1959,153241.26,78.22422664624808,0.0,5,4,5,14,4.5,Champions
30033162392091,1,992,76944.82,77.5653427419355,0.005040322580645161,5,3,4,12,3.5,Loyal Customers
30042378430132,2,483,19466.91,40.30416149068323,0.0,1,1,1,3,1.0,Hibernating
30074693890476,1,1795,101952.23,56.797899721448466,0.006128133704735376,5,4,5,14,4.5,Champions
30092964733035,1,939,50499.48,53.78006389776358,0.0,5,2,3,10,2.5,Hibernating
30103132002433,2,912,48535.6,53.218859649122805,0.006578947368421052,1,2,2,5,2.0,Hibernating
30118423745458,1,1965,82380.63,41.92398473282443,0.0005089058524173028,5,4,4,13,4.0,Champions
30143535920989,1,1470,64293.42,43.73702040816326,0.0013605442176870747,5,3,3,11,3.0,Loyal Customers
30143713661454,1,1011,47636.21,47.11791295746785,0.002967359050445104,5,3,2,10,2.5,Hibernating
30150717898388,1,1480,72328.01,48.87027702702702,0.0,5,4,3,12,3.5,Loyal Customers
30153452207526,2,1504,78521.88,52.208696808510645,0.0006648936170212766,1,4,4,9,4.0,Cannot Lose Them
30175986190993,1,1984,96865.78,48.82347782258064,0.0,5,5,4,14,4.5,Champions
30181367542315,1,506,23452.17,46.34816205533596,0.0,5,2,1,8,1.5,New Customers
30197398657930,1,1806,101509.74,56.20694352159469,0.0,5,4,5,14,4.5,Champions
30199621383748,1,2261,126033.53,55.74238390092879,0.0,5,5,5,15,5.0,Champions
30230540139182,1,1494,115032.88,76.99657295850068,0.0033467202141900937,5,4,5,14,4.5,Champions
30234966027947,1,2470,99898.04,40.44455060728745,0.0004048582995951417,5,5,5,15,5.0,Champions
30235268718158,1,1472,64226.57,43.63218070652174,0.0,5,3,3,11,3.0,Loyal Customers
30235438713303,1,2456,104774.46,42.66061074918567,0.0008143322475570033,5,5,5,15,5.0,Champions
30238755902988,1,2980,123614.79,41.48147315436241,0.0,5,5,5,15,5.0,Champions
30242921189660,1,997,48191.33,48.33633901705115,0.0,5,3,2,10,2.5,Hibernating
30248898834493,1,983,47565.81,48.38841302136317,0.001017293997965412,5,2,2,9,2.0,Hibernating
30263540414123,1,1466,73271.9,49.98083219645293,0.0006821282401091405,5,3,3,11,3.0,Loyal Customers
30266994494236,1,1472,65311.38,44.36914402173913,0.0,5,3,3,11,3.0,Loyal Customers
30270432095985,1,2926,121310.57,41.45952494873548,0.0,5,5,5,15,5.0,Champions
30273037698427,1,2792,166854.51,59.761643982808025,0.0,5,5,5,15,5.0,Champions
30290551782700,1,1473,74661.51,50.68670061099796,0.0,5,3,4,12,3.5,Loyal Customers
30328384440870,1,1493,74836.29,50.12477561955793,0.0,5,4,4,13,4.0,Champions
30343344410970,1,1463,73692.96,50.371127819548875,0.001367053998632946,5,3,3,11,3.0,Loyal Customers
30344654314976,1,983,48423.94,49.26138351983724,0.003051881993896236,5,2,2,9,2.0,Hibernating
30357372465631,1,502,22603.85,45.02758964143426,0.00597609561752988,5,2,1,8,1.5,New Customers
30360260465747,1,489,25077.49,51.28321063394684,0.00408997955010225,5,1,1,7,1.0,New Customers
30364087349027,1,1473,62450.26,42.39664630006789,0.0027155465037338763,5,3,3,11,3.0,Loyal Customers
30371006069917,1,983,49606.88,50.46478128179044,0.003051881993896236,5,2,3,10,2.5,Hibernating
30373802285317,2,504,25215.52,50.030793650793655,0.0,1,2,2,5,2.0,Hibernating
30376238035123,1,1003,47714.92,47.572203389830506,0.0019940179461615153,5,3,2,10,2.5,Hibernating
30404291151692,2,918,51745.7,56.36786492374728,0.0010893246187363835,1,2,3,6,2.5,Hibernating
30407675418785,1,1977,86278.54,43.64114314618108,0.0010116337885685382,5,5,4,14,4.5,Champions
30408301059761,2,501,20835.09,41.587005988023954,0.003992015968063872,1,2,1,4,1.5,Hibernating
30428204673351,1,1949,151913.38,77.9442688558235,0.0,5,4,5,14,4.5,Champions
30434173205605,1,477,19977.2,41.88092243186583,0.0041928721174004195,5,1,1,7,1.0,New Customers
30442439074871,1,1345,73448.36,54.608446096654276,0.006691449814126394,5,3,3,11,3.0,Loyal Customers
30446018552504,1,513,21857.76,42.60771929824561,0.011695906432748537,5,2,1,8,1.5,New Customers
30487648872433,2,1002,47902.11,47.80649700598802,0.0,1,3,2,6,2.5,Hibernating
30491348102802,1,488,22816.32,46.75475409836066,0.0,5,1,1,7,1.0,New Customers
30499715231997,285,2,15.53,7.765,1.0,1,1,1,3,1.0,Hibernating
30501624614310,1,1985,86391.38,43.52210579345088,0.003022670025188917,5,5,4,14,4.5,Champions
30518196150127,1,482,20574.83,42.68636929460581,0.0,5,1,1,7,1.0,New Customers
30518206766474,1,1463,63215.92,43.209788106630214,0.002734107997265892,5,3,3,11,3.0,Loyal Customers
30546453310167,1,956,46954.45,49.11553347280334,0.0,5,2,2,9,2.0,Hibernating
30551643947183,1,2270,127210.62,56.03992070484581,0.0,5,5,5,15,5.0,Champions
30560609640617,1,1525,74590.7,48.91193442622951,0.0,5,4,4,13,4.0,Champions
30570197515105,1,491,24178.05,49.24246435845214,0.0,5,1,1,7,1.0,New Customers
36078114201167,1,1961,95189.24,48.54117287098419,0.0015298317185109638,5,4,4,13,4.0,Champions
36360452125889,1,499,24241.079999999998,48.57931863727455,0.004008016032064128,5,2,1,8,1.5,New Customers
36485887555770,1,1856,112634.31,60.68658943965517,0.0016163793103448276,5,4,5,14,4.5,Champions
36581538659449,1,493,21600.25,43.813894523326574,0.0,5,1,1,7,1.0,New Customers
36721445180895,1,1471,72586.91,49.34528212100612,0.0013596193065941536,5,3,3,11,3.0,Loyal Customers
36722699017270,1,2702,153921.31,56.96569578090303,0.0011102886750555144,5,5,5,15,5.0,Champions
36890292963032,1,488,23962.58,49.10364754098361,0.014344262295081968,5,1,1,7,1.0,New Customers
38014427445058,1,500,24937.9,49.875800000000005,0.0,5,2,1,8,1.5,New Customers
38052002992326,1,2531,89107.64,35.206495456341365,0.0007902015013828526,5,5,4,14,4.5,Champions
38199021865320,1,2013,157663.8,78.32280178837556,0.0004967709885742673,5,5,5,15,5.0,Champions
38295635583927,1,1996,84824.21,42.497099198396796,0.00250501002004008,5,5,4,14,4.5,Champions
38530489946071,1,1978,87445.66,44.20913043478261,0.0,5,5,4,14,4.5,Champions
38534201672254,240,1,14.39,14.39,1.0,1,1,1,3,1.0,Hibernating
38580485618059,1,2001,96581.5,48.26661669165417,0.0009995002498750624,5,5,4,14,4.5,Champions
38588538868506,1,1976,85292.31,43.164124493927126,0.0005060728744939271,5,4,4,13,4.0,Champions
38797410705641,1,1479,115120.91,77.83699121027722,0.000676132521974307,5,4,5,14,4.5,Champions
38817501916673,508,4,40.019999999999996,10.004999999999999,1.0,1,1,1,3,1.0,Hibernating
38859492057661,2,484,25341.11,52.3576652892562,0.0,1,1,2,4,1.5,Hibernating
38947654498698,1,1452,61282.64,42.20567493112948,0.002066115702479339,4,3,3,10,3.0,Loyal Customers
180011453250192,1,1981,156010.51,78.75341241797072,0.0,4,5,5,14,5.0,Champions
180014262259255,1,975,50595.9,51.89323076923077,0.0020512820512820513,4,2,3,9,2.5,Hibernating
180018375329178,1,1337,75259.07,56.289506357516835,0.002243829468960359,4,3,4,11,3.5,Loyal Customers
180036456789979,1,2490,106501.2,42.77156626506024,0.001606425702811245,4,5,5,14,5.0,Champions
180040131978916,184,1,12.3,12.3,1.0,1,1,1,3,1.0,Hibernating
180046165512893,1,1008,52670.26,52.25224206349206,0.0,4,3,3,10,3.0,Loyal Customers
180046617132290,1,981,50443.77,51.42076452599388,0.0,4,2,3,9,2.5,Hibernating
180047222886866,5,478,20485.91,42.85755230125523,0.014644351464435146,1,1,1,3,1.0,Hibernating
180049032966888,1,2023,157612.76,77.91041028175977,0.0014829461196243204,4,5,5,14,5.0,Champions
180056173248083,1,994,42499.76,42.756297786720324,0.001006036217303823,4,3,2,9,2.5,Hibernating
180058696935600,1,456,26662.82,58.47109649122807,0.0021929824561403508,4,1,2,7,1.5,New Customers
180064817343047,1,1485,71527.61,48.16674074074074,0.0013468013468013469,4,4,3,11,3.5,Loyal Customers
180065479077096,1,1479,76785.25,51.91700473292765,0.0033806626098715348,4,4,4,12,4.0,Champions
180067784565096,1,1986,97600.26,49.144138972809664,0.0015105740181268882,4,5,5,14,5.0,Champions
180069253480336,1,969,50098.54,51.70127966976264,0.0030959752321981426,4,2,3,9,2.5,Hibernating
180081032825079,2,1001,47755.07,47.707362637362635,0.001998001998001998,1,3,2,6,2.5,Hibernating
180084576295055,1,1446,68468.83,47.35050484094052,0.0027662517289073307,4,3,3,10,3.0,Loyal Customers
180084695172649,2,449,27054.8,60.25567928730512,0.0022271714922048997,1,1,2,4,1.5,Hibernating
180094608895855,1,490,23962.079999999998,48.90220408163265,0.004081632653061225,4,1,1,6,1.0,New Customers
213102873001603,1,1463,68670.51,46.93814764183185,0.003417634996582365,4,3,3,10,3.0,Loyal Customers
213107169859697,2,451,24547.63,54.429334811529934,0.0,1,1,1,3,1.0,Hibernating
213112402583773,1,3031,127915.24,42.20232266578687,0.0,4,5,5,14,5.0,Champions
213113028819344,1,994,49398.29,49.696468812877264,0.0,4,3,3,10,3.0,Loyal Customers
213113338379864,1,487,26098.11,53.58954825462013,0.006160164271047228,4,1,2,7,1.5,New Customers
213114122496591,1,991,50785.54,51.24676084762866,0.0020181634712411706,4,3,3,10,3.0,Loyal Customers
213120463918358,1,1006,51247.66,50.94200795228629,0.0019880715705765406,4,3,3,10,3.0,Loyal Customers
213124978348176,1,1450,69312.41,47.80166206896552,0.000689655172413793,4,3,3,10,3.0,Loyal Customers
213125815021702,1,1514,74539.77,49.23366578599736,0.001321003963011889,4,4,4,12,4.0,Champions
213136802746375,1,457,20192.12,44.18407002188184,0.00437636761487965,4,1,1,6,1.0,New Customers
213141712584544,1,2665,152505.46,57.225313320825514,0.000375234521575985,4,5,5,14,5.0,Champions
213153151785052,1,1500,53868.56,35.912373333333335,0.0,4,4,3,11,3.5,Loyal Customers
213154573301411,1,1001,79576.98,79.49748251748251,0.002997002997002997,4,3,4,11,3.5,Loyal Customers
213155997615567,1,974,77386.42,79.45217659137577,0.001026694045174538,4,2,4,10,3.0,Loyal Customers
213157767990030,1,2234,129681.86,58.0491763652641,0.0022381378692927483,4,5,5,14,5.0,Champions
213161293389774,1,1408,68681.38,48.77938920454546,0.0,4,3,3,10,3.0,Loyal Customers
213161869125933,1,1506,71580.64,47.53030544488712,0.00199203187250996,4,4,3,11,3.5,Loyal Customers
213163860545705,2,987,76804.48,77.81608915906787,0.0010131712259371835,1,2,4,7,3.0,At Risk
213173753804333,1,1492,73207.14,49.06644772117962,0.0013404825737265416,4,4,3,11,3.5,Loyal Customers
213174467670432,1,1470,71268.36,48.48187755102041,0.0027210884353741495,4,3,3,10,3.0,Loyal Customers
213175487106448,1,1487,70748.39,47.5779354404842,0.0006724949562878278,4,4,3,11,3.5,Loyal Customers
213178765398315,1,1936,78944.75,40.77724690082645,0.0005165289256198347,4,4,4,12,4.0,Champions
213178850083780,1,1492,116654.23,78.18648123324397,0.0013404825737265416,4,4,5,13,4.5,Champions
213180742685905,1,1979,98319.69,49.68150075795857,0.0,4,5,5,14,5.0,Champions
213186334552049,1,1004,43073.08,42.901474103585656,0.00398406374501992,4,3,2,9,2.5,Hibernating
213186551511454,1,491,23522.06,47.90643584521385,0.002036659877800407,4,1,1,6,1.0,New Customers
213186880359195,1,502,38242.68,76.1806374501992,0.00398406374501992,4,2,2,8,2.0,Hibernating
213193596103206,1,1990,154446.95,77.6115326633166,0.0020100502512562816,4,5,5,14,5.0,Champions
213195754007681,1,1469,70889.21,48.25678012253234,0.0006807351940095302,4,3,3,10,3.0,Loyal Customers
213198837352314,1,472,37474.49,79.39510593220338,0.0,4,1,2,7,1.5,New Customers
213199865312311,1,1456,72286.56,49.64736263736263,0.0,4,3,3,10,3.0,Loyal Customers
340103199302564,2,999,50065.54,50.11565565565566,0.002002002002002002,1,3,3,7,3.0,At Risk
340214844585279,49,3,48.03,16.01,1.0,1,1,1,3,1.0,Hibernating
340951438290556,1,1318,77901.14,59.10556904400607,0.002276176024279211,4,3,4,11,3.5,Loyal Customers
341283058448499,1,1015,47180.58,46.483330049261085,0.0,4,3,2,9,2.5,Hibernating
341542810616333,1,974,47043.909999999996,48.299702258726896,0.0,4,2,2,8,2.0,Hibernating
341546199006537,1,1509,71558.13,47.42089463220676,0.003976143141153081,4,4,3,11,3.5,Loyal Customers
342035762534413,1,476,28586.64,60.05596638655462,0.0063025210084033615,4,1,2,7,1.5,New Customers
342319985983023,1,1482,115317.01,77.81174763832658,0.001349527665317139,4,4,5,13,4.5,Champions
342351256941125,1,1367,78793.01,57.639363569861004,0.002926115581565472,4,3,4,11,3.5,Loyal Customers
342360239917375,1,478,21845.15,45.701150627615064,0.0020920502092050207,4,1,1,6,1.0,New Customers
342952484382519,1,3009,133352.15,44.31776337653705,0.0,4,5,5,14,5.0,Champions
343464013864032,1,1461,77038.86,52.730225872689935,0.0013689253935660506,4,3,4,11,3.5,Loyal Customers
343472729187663,1,992,42871.02,43.21675403225806,0.0030241935483870967,4,3,2,9,2.5,Hibernating
343668971234893,1,1465,74549.14,50.886784982935154,0.0013651877133105802,4,3,4,11,3.5,Loyal Customers
343746486082492,1,1489,63547.31,42.67784419073203,0.0,4,4,3,11,3.5,Loyal Customers
344342339068828,1,1487,77139.58,51.8759784801614,0.0,4,4,4,12,4.0,Champions
345060451158891,1,992,49292.65,49.69017137096775,0.0030241935483870967,4,3,3,10,3.0,Loyal Customers
345389171551808,1,2023,86420.79,42.71912506178942,0.0009886307464162135,4,5,4,13,4.5,Champions
345933964507467,1,2971,127049.54,42.76322450353416,0.0013463480309660047,4,5,5,14,5.0,Champions
346243940647414,1,475,18741.03,39.4548,0.00631578947368421,4,1,1,6,1.0,New Customers
346273234529002,1,2272,124224.62,54.67632922535211,0.0008802816901408451,4,5,5,14,5.0,Champions
347073228412010,1,1011,78250.59,77.39919881305637,0.0009891196834817012,4,3,4,11,3.5,Loyal Customers
347612609554823,1,495,15911.210000000001,32.14385858585859,0.00404040404040404,4,1,1,6,1.0,New Customers
348253506557335,1,487,23262.21,47.766344969199174,0.0,4,1,1,6,1.0,New Customers
348789608637806,1,2005,98346.92,49.05083291770573,0.0004987531172069825,4,5,5,14,5.0,Champions
349612764943496,1,1439,110222.98,76.59692842251563,0.0020847810979847115,4,3,5,12,4.0,Champions
370348764075623,1,970,49812.39,51.3529793814433,0.003092783505154639,4,2,3,9,2.5,Hibernating
370612217861404,2,1337,73972.7,55.327374719521316,0.0,1,3,3,7,3.0,At Risk
370818583810103,2,960,40554.63,42.24440625,0.003125,1,2,2,5,2.0,Hibernating
370877495212014,1,2280,124330.24,54.530807017543864,0.0017543859649122807,4,5,5,14,5.0,Champions
371009169330125,1,1474,52431.03,35.57057666214383,0.0013568521031207597,4,3,3,10,3.0,Loyal Customers
371034293500716,1,993,46776.78,47.106525679758306,0.0010070493454179255,4,3,2,9,2.5,Hibernating
371226440126102,1,2454,107734.39,43.90154441727791,0.0024449877750611247,4,5,5,14,5.0,Champions
371284100299909,1,993,42010.56,42.30670694864048,0.005035246727089627,4,3,2,9,2.5,Hibernating
371683116218417,1,493,22365.54,45.366206896551724,0.004056795131845842,4,1,1,6,1.0,New Customers
371985236239474,1,964,46235.9,47.96255186721992,0.0,4,2,2,8,2.0,Hibernating
372246459334925,1,1516,72903.68,48.089498680738785,0.004617414248021108,4,4,3,11,3.5,Loyal Customers
372382441451095,1,1469,73150.02,49.795793056501026,0.0,4,3,3,10,3.0,Loyal Customers
372509258176510,1,2704,153848.13,56.896497781065094,0.0003698224852071006,4,5,5,14,5.0,Champions
372520049757633,1,2802,163296.15,58.278426124197,0.00035688793718772306,4,5,5,14,5.0,Champions
373043435942726,2,1014,79360.45,78.26474358974359,0.0009861932938856016,1,3,4,8,3.5,At Risk
373905417449658,1,2238,124762.4,55.747274352100085,0.0035746201966041107,4,5,5,14,5.0,Champions
374238209524200,1,1012,49113.16,48.530790513834,0.0009881422924901185,4,3,2,9,2.5,Hibernating
374497717543058,1,1980,96400.0,48.686868686868685,0.0,4,5,4,13,4.5,Champions
374821819075109,2,467,23117.55,49.50224839400428,0.004282655246252677,1,1,1,3,1.0,Hibernating
374930071163758,1,2434,104306.07,42.8537674609696,0.0012325390304026294,4,5,5,14,5.0,Champions
375082648741747,1,1996,82777.69,41.47178857715431,0.0,4,5,4,13,4.5,Champions
375237305371366,2,507,26376.6,52.02485207100592,0.0,1,2,2,5,2.0,Hibernating
375248307838179,1,2008,101028.46,50.312978087649405,0.0,4,5,5,14,5.0,Champions
375534208663984,1,1933,149875.49,77.53517330574236,0.0,4,4,5,13,4.5,Champions
375623337201129,120,6,187.06,31.176666666666666,1.0,1,1,1,3,1.0,Hibernating
375767678113375,1,1445,73698.54,51.00244982698962,0.001384083044982699,4,3,3,10,3.0,Loyal Customers
375848982312810,1,1471,67903.72,46.16160435078178,0.0013596193065941536,4,3,3,10,3.0,Loyal Customers
375904527651269,1,986,46056.74,46.71068965517241,0.0010141987829614604,4,2,2,8,2.0,Hibernating
375974680629816,1,1964,86603.03,44.095229124236255,0.0,4,4,4,12,4.0,Champions
376028110684021,1,1944,151496.65,77.9303755144033,0.0015432098765432098,4,4,5,13,4.5,Champions
376445266762684,1,2974,126009.23,42.37028581035642,0.0,4,5,5,14,5.0,Champions
376656886990758,1,1471,62382.78,42.40841604350782,0.0,4,3,3,10,3.0,Loyal Customers
376944481517097,1,504,25304.79,50.20791666666667,0.0,4,2,2,8,2.0,Hibernating
377026671291680,1,2456,104894.77,42.70959690553746,0.002035830618892508,4,5,5,14,5.0,Champions
377113842678100,1,1954,91964.55,47.06476458546571,0.0005117707267144319,4,4,4,12,4.0,Champions
377234009633447,1,1952,93119.38,47.70460040983607,0.0005122950819672131,4,4,4,12,4.0,Champions
377264520876399,2,496,25347.16,51.10314516129032,0.004032258064516129,1,2,2,5,2.0,Hibernating
377550167323848,1,995,52531.13,52.795105527638185,0.0,4,3,3,10,3.0,Loyal Customers
377654590313960,1,1461,70724.12,48.4080219028063,0.0,4,3,3,10,3.0,Loyal Customers
377834944388609,1,471,24124.94,51.220679405520166,0.0,4,1,1,6,1.0,New Customers
377895991033232,1,978,49205.05,50.31191206543968,0.002044989775051125,4,2,3,9,2.5,Hibernating
377993105397617,1,1988,85058.48,42.785955734406436,0.001006036217303823,4,5,4,13,4.5,Champions
378006354724784,1,499,38551.38,77.25727454909818,0.0,4,2,2,8,2.0,Hibernating
378262805520186,505,2,23.5,11.75,1.0,1,1,1,3,1.0,Hibernating
378858024506425,1,996,49441.47,49.64003012048193,0.0,4,3,3,10,3.0,Loyal Customers
378904938837132,1,1513,66468.88,43.93184401850628,0.0,4,4,3,11,3.5,Loyal Customers
379141394109214,1,488,25626.05,52.512397540983606,0.004098360655737705,4,1,2,7,1.5,New Customers
379897244598068,1,1005,50090.53,49.84132338308458,0.0,4,3,3,10,3.0,Loyal Customers
2222001896600109,1,1490,62634.03,42.036261744966446,0.004026845637583893,4,4,3,11,3.5,Loyal Customers
2222157926772399,2,502,22420.34,44.662031872509964,0.0,1,2,1,4,1.5,Hibernating
2224100459250597,2,462,22023.829999999998,47.6706277056277,0.0,1,1,1,3,1.0,Hibernating
2229378226512508,1,1500,117345.69,78.23046000000001,0.0,4,4,5,13,4.5,Champions
2229824890647120,1,504,23729.79,47.08291666666667,0.00992063492063492,4,2,1,7,1.5,New Customers
2231186809828225,1,514,25075.37,48.78476653696498,0.009727626459143969,4,2,1,7,1.5,New Customers
2233882705243596,1,1519,73480.44,48.37421988150099,0.0,4,4,3,11,3.5,Loyal Customers
2235335206132667,1,492,22356.14,45.43930894308943,0.008130081300813009,4,1,1,6,1.0,New Customers
2235613922823698,1,1950,82958.57,42.54285641025641,0.0,4,4,4,12,4.0,Champions
2242542703101233,1,2789,163568.05,58.64756185012549,0.002509860164933668,4,5,5,14,5.0,Champions
2248348993063230,1,977,45810.15,46.88858751279427,0.0020470829068577278,4,2,2,8,2.0,Hibernating
2248735346244816,1,1976,94297.0,47.72115384615385,0.0005060728744939271,4,5,4,13,4.5,Champions
2252055259910912,1,1960,151888.31,77.49403571428572,0.0010204081632653062,4,4,5,13,4.5,Champions
2254917871818484,1,2508,112576.27,44.886870015948965,0.0027910685805422647,4,5,5,14,5.0,Champions
2256234701263057,2,988,48728.93,49.32077935222672,0.0010121457489878543,1,2,2,5,2.0,Hibernating
2260801330657968,5,492,24268.34,49.32589430894309,0.0,1,1,1,3,1.0,Hibernating
2266735643685262,1,1971,80126.6,40.652765093860985,0.0015220700152207,4,4,4,12,4.0,Champions
2269768987945882,1,1504,74345.09,49.43157579787234,0.0013297872340425532,4,4,3,11,3.5,Loyal Customers
2280870154157385,3,502,24874.3,49.5503984063745,0.0,1,2,1,4,1.5,Hibernating
2284059275940012,1,483,25364.08,52.5136231884058,0.0,4,1,2,7,1.5,New Customers
2285066385084291,1,986,41837.71,42.43175456389452,0.002028397565922921,4,2,2,8,2.0,Hibernating
2286236465059468,1,1464,72444.95,49.484255464480874,0.0,4,3,3,10,3.0,Loyal Customers
2287277963630565,317,2,14.309999999999999,7.154999999999999,1.0,1,1,1,3,1.0,Hibernating
2297447006766555,1,2012,97585.33,48.501655069582505,0.0,4,5,5,14,5.0,Champions
2305336922781618,1,1506,71557.84,47.51516600265604,0.0013280212483399733,4,4,3,11,3.5,Loyal Customers
2318062975163331,2,482,24515.93,50.86292531120332,0.006224066390041493,1,1,1,3,1.0,Hibernating
2348245054386329,1,1511,80310.12,53.15031105228325,0.0013236267372600927,4,4,4,12,4.0,Champions
2356276337669917,2,974,40155.91,41.22783367556468,0.004106776180698152,1,2,2,5,2.0,Hibernating
2358122155477959,502,18,929.5,51.638888888888886,0.0,1,1,1,3,1.0,Hibernating
2383461948823908,1,1970,91916.68,46.65821319796954,0.0015228426395939086,4,4,4,12,4.0,Champions
2450829271795901,1,1002,38762.36,38.68499001996008,0.000998003992015968,4,3,2,9,2.5,Hibernating
2454076758463217,2,502,39824.86,79.33239043824702,0.0,1,2,2,5,2.0,Hibernating
2475085306462014,1,1469,115424.44,78.5734785568414,0.0,4,3,5,12,4.0,Champions
2610529083834453,1,474,29069.25,61.32753164556962,0.006329113924050633,4,1,2,7,1.5,New Customers
2703186189652095,1,1778,100590.44,56.57505061867267,0.0,4,4,5,13,4.5,Champions
2706977570537524,1,1494,116902.46,78.24796519410978,0.002008032128514056,4,4,5,13,4.5,Champions
2713913904780408,1,1539,78963.37,51.308232618583496,0.002599090318388564,4,4,4,12,4.0,Champions
2714019737356678,2,451,28199.49,62.52658536585366,0.0,1,1,2,4,1.5,Hibernating
2719496466799416,1,990,46323.12,46.791030303030304,0.00202020202020202,4,2,2,8,2.0,Hibernating
2720012583106919,1,1943,152382.61,78.42645908389089,0.0,4,4,5,13,4.5,Champions
2720433095629877,1,3017,108114.2,35.83500165727544,0.0009943652635067948,4,5,5,14,5.0,Champions
2720894374956739,1,985,50143.35,50.906954314720814,0.003045685279187817,4,2,3,9,2.5,Hibernating
3500969075198072,1,2311,143089.53,61.916715707485935,0.0021635655560363477,4,5,5,14,5.0,Champions
3501285649323933,42,1,6.47,6.47,1.0,1,1,1,3,1.0,Hibernating
3501365119557234,1,471,24482.87,51.98061571125265,0.0,4,1,1,6,1.0,New Customers
3502088871723054,1,2470,103089.28,41.73655060728745,0.0012145748987854252,4,5,5,14,5.0,Champions
3502377050801561,1,1478,75679.22,51.20380243572395,0.0013531799729364006,4,4,4,12,4.0,Champions
3506040590383211,1,965,74888.05,77.60419689119172,0.002072538860103627,4,2,4,10,3.0,Loyal Customers
3506042666828517,2,1484,74516.73,50.21342991913746,0.0020215633423180594,1,4,4,9,4.0,Cannot Lose Them
3508104404056005,1,998,41614.72,41.69811623246493,0.001002004008016032,4,3,2,9,2.5,Hibernating
3511058278399773,5,503,25772.18,51.23693836978131,0.005964214711729622,1,2,2,5,2.0,Hibernating
3512365128314616,1,1956,83559.1,42.71937627811861,0.0,4,4,4,12,4.0,Champions
3513285035244624,1,501,25631.95,51.16157684630738,0.003992015968063872,4,2,2,8,2.0,Hibernating
3513506355699497,1,1015,49203.17,48.476029556650246,0.0,4,3,2,9,2.5,Hibernating
3513618443244549,1,1959,94923.28,48.454966819806025,0.0005104645227156713,4,4,4,12,4.0,Champions
3514865930894695,1,1992,96304.0,48.34538152610442,0.001004016064257028,4,5,4,13,4.5,Champions
3514897282719543,1,1430,73465.52,51.37448951048951,0.0,4,3,3,10,3.0,Loyal Customers
3517527805128735,2,1471,61437.24,41.7656288239293,0.0013596193065941536,1,3,3,7,3.0,At Risk
3517814635263522,1,979,47592.78,48.613667007150156,0.0030643513789581204,4,2,2,8,2.0,Hibernating
3518234918950662,1,2254,126910.85,56.304724933451645,0.0,4,5,5,14,5.0,Champions
3518669219150142,1,2431,81866.59,33.67609625668449,0.0012340600575894694,4,5,4,13,4.5,Champions
3518758680062249,1,1454,60524.03,41.6258803301238,0.0020632737276478678,4,3,3,10,3.0,Loyal Customers
3519232971341141,1,997,50288.6,50.439919759277835,0.003009027081243731,3,3,3,9,3.0,Loyal Customers
3519607465576254,1,1496,75278.51,50.31985962566844,0.002005347593582888,3,4,4,11,4.0,Loyal Customers
3520550088202337,1,935,56627.44,60.56410695187166,0.0053475935828877,3,2,3,8,2.5,Needs Attention
3521815216091574,1,1444,112324.13,77.78679362880887,0.002770083102493075,3,3,5,11,4.0,Loyal Customers
3523843138706408,1,1993,83672.34,41.98311088810838,0.002508780732563974,3,5,4,12,4.5,Loyal Customers
3525590521269779,1,2459,101232.45,41.168137454249695,0.0008133387555917039,3,5,5,13,5.0,Loyal Customers
3525668150756629,1,981,76684.12,78.1693374108053,0.0010193679918450561,3,2,4,9,3.0,Loyal Customers
3526826139003047,1,1956,96047.91,49.10424846625767,0.0005112474437627812,3,4,4,11,4.0,Loyal Customers
3527063666782582,1,484,24850.0,51.34297520661157,0.0,3,1,1,5,1.0,Promising
3527536963490470,1,2434,102793.92,42.23250616269515,0.0024650780608052587,3,5,5,13,5.0,Loyal Customers
3528040995648998,104,3,40.96,13.653333333333334,1.0,1,1,1,3,1.0,Hibernating
3528231451607350,2,1019,51390.57,50.43235525024534,0.0,1,3,3,7,3.0,At Risk
3529597810116815,1,1463,61953.98,42.34721804511278,0.004101161995898838,3,3,3,9,3.0,Loyal Customers
3529597930342630,1,1010,43218.52,42.790613861386134,0.005940594059405941,3,3,2,8,2.5,Needs Attention
3531129874770000,1,2209,125167.49,56.66251244907198,0.0022634676324128564,3,5,5,13,5.0,Loyal Customers
3531606252458308,1,491,25858.71,52.66539714867617,0.0,3,1,2,6,1.5,Promising
3533012926413100,1,2034,85730.87,42.148903638151424,0.0014749262536873156,3,5,4,12,4.5,Loyal Customers
3533177016567295,1,998,48948.32,49.0464128256513,0.002004008016032064,3,3,2,8,2.5,Needs Attention
3533742182628021,1,2528,88949.34,35.185656645569615,0.0015822784810126582,3,5,4,12,4.5,Loyal Customers
3533800906065217,1,1451,71414.53,49.21745692625775,0.002067539627842867,3,3,3,9,3.0,Loyal Customers
3534093764340240,3,473,22921.25,48.4593023255814,0.010570824524312896,1,1,1,3,1.0,Hibernating
3534330126107879,1,1996,154480.79,77.39518537074149,0.0,3,5,5,13,5.0,Loyal Customers
3534718226968689,1,980,41604.57,42.45364285714286,0.003061224489795918,3,2,2,7,2.0,Needs Attention
3535808924394848,1,1477,114172.33,77.3001557210562,0.0,3,3,5,11,4.0,Loyal Customers
3537797820923602,1,500,24434.69,48.86938,0.01,3,2,1,6,1.5,Promising
3538520143479972,1,1503,73998.04,49.23355954757152,0.0,3,4,3,10,3.5,Loyal Customers
3540017235499519,2,499,38580.43,77.31549098196393,0.0,1,2,2,5,2.0,Hibernating
3540075240003197,1,1969,80264.47,40.76407821229051,0.0,3,4,4,11,4.0,Loyal Customers
3540210836308425,1,1490,114609.58,76.91918120805369,0.0013422818791946308,3,4,5,12,4.5,Loyal Customers
3540862542587229,1,502,22428.88,44.679043824701196,0.00398406374501992,3,2,1,6,1.5,Promising
3541160328600277,1,2315,135417.08,58.49549892008639,0.0008639308855291577,3,5,5,13,5.0,Loyal Customers
3541687240161491,1,474,22554.63,47.58360759493671,0.008438818565400843,3,1,1,5,1.0,Promising
3542162746848552,2,497,23936.54,48.1620523138833,0.012072434607645875,1,2,1,4,1.5,Hibernating
3542826960473004,151,3,39.56,13.186666666666667,1.0,1,1,1,3,1.0,Hibernating
3543299015720986,1,879,49408.36,56.20973833902162,0.007963594994311717,3,2,3,8,2.5,Needs Attention
3543591270174051,1,2465,103870.7,42.138215010141984,0.002028397565922921,3,5,5,13,5.0,Loyal Customers
3544606805704278,1,509,24585.66,48.30188605108055,0.003929273084479371,3,2,1,6,1.5,Promising
3545109339866548,1,3036,107833.85,35.518395915678525,0.0,3,5,5,13,5.0,Loyal Customers
3546436741611231,181,3,38.29,12.763333333333334,1.0,1,1,1,3,1.0,Hibernating
3546674063249004,1,990,42145.1,42.57080808080808,0.0,3,2,2,7,2.0,Needs Attention
3546897637165774,1,1940,93956.53,48.43120103092784,0.0,3,4,4,11,4.0,Loyal Customers
3547336099599450,466,3,42.449999999999996,14.149999999999999,1.0,1,1,1,3,1.0,Hibernating
3547560454237873,1,1496,73228.41,48.94947192513369,0.0,3,4,3,10,3.5,Loyal Customers
3547574373318979,1,1493,70758.86,47.39374413931681,0.003348961821835231,3,4,3,10,3.5,Loyal Customers
3548710338694745,434,3,124.25,41.416666666666664,1.0,1,1,1,3,1.0,Hibernating
3549202406645667,1,1469,76932.76,52.37083730428863,0.002722940776038121,3,3,4,10,3.5,Loyal Customers
3550554389581384,1,511,40779.26,79.80285714285715,0.007827788649706457,3,2,2,7,2.0,Needs Attention
3551217896304745,1,2733,157934.38,57.78791803878522,0.0007317965605561653,3,5,5,13,5.0,Loyal Customers
3551512895305309,2,476,21201.51,44.54098739495798,0.0021008403361344537,1,1,1,3,1.0,Hibernating
3552581383553463,1,1494,76380.59,51.12489290495314,0.0033467202141900937,3,4,4,11,4.0,Loyal Customers
3553629419254918,1,2998,123140.28,41.07414276184123,0.0010006671114076052,3,5,5,13,5.0,Loyal Customers
3554421171166228,200,4,157.0,39.25,1.0,1,1,1,3,1.0,Hibernating
3554818239968984,1,495,38509.09,77.7961414141414,0.00202020202020202,3,1,2,6,1.5,Promising
3556613125071656,1,2472,85261.28,34.490809061488676,0.0008090614886731392,3,5,4,12,4.5,Loyal Customers
3557442674264531,1,447,26884.63,60.14458612975392,0.0044742729306487695,3,1,2,6,1.5,Promising
3558652751678952,1,1459,74085.46,50.77824537354353,0.0013708019191226869,3,3,3,9,3.0,Loyal Customers
3558881852140592,1,1005,48465.41,48.22428855721393,0.001990049751243781,3,3,2,8,2.5,Needs Attention
3559160581764413,1,1953,152003.7,77.83087557603687,0.0005120327700972862,3,4,5,12,4.5,Loyal Customers
3559679414981506,2,1343,73033.7,54.381012658227846,0.004467609828741623,1,3,3,7,3.0,At Risk
3559723917628303,1,973,75929.75,78.03674203494347,0.0,3,2,4,9,3.0,Loyal Customers
3560318482131952,1,2031,103095.95,50.76117676021664,0.0009847365829640572,3,5,5,13,5.0,Loyal Customers
3560336828629935,1,514,23613.63,45.94091439688716,0.0,3,2,1,6,1.5,Promising
3560697798177746,1,1498,74466.81,49.710821094793054,0.0013351134846461949,3,4,3,10,3.5,Loyal Customers
3560725013359375,1,1980,99208.56,50.105333333333334,0.00101010101010101,3,5,5,13,5.0,Loyal Customers
3560797065840735,1,2965,127230.85,42.91091062394604,0.0006745362563237774,3,5,5,13,5.0,Loyal Customers
3561212938177173,1,502,22142.99,44.10954183266933,0.00199203187250996,3,2,1,6,1.5,Promising
3561963695236764,1,1489,114624.64,76.98095366017462,0.002686366689053056,3,4,5,12,4.5,Loyal Customers
3562264947797243,2,496,23951.21,48.28872983870968,0.004032258064516129,1,2,1,4,1.5,Hibernating
3562679455732797,1,1003,49448.43,49.30052841475573,0.004985044865403789,3,3,3,9,3.0,Loyal Customers
3562793934111141,13,3,155.73,51.91,1.0,1,1,1,3,1.0,Hibernating
3563837241599446,1,986,41259.9,41.84574036511156,0.0,3,2,2,7,2.0,Needs Attention
3564182536169293,1,970,46996.25,48.449742268041234,0.0,3,2,2,7,2.0,Needs Attention
3564839259330465,1,1947,93896.87,48.22643554185927,0.0005136106831022085,3,4,4,11,4.0,Loyal Customers
3565196229855512,1,978,48475.42,49.5658691206544,0.0010224948875255625,3,2,2,7,2.0,Needs Attention
3565414434959494,1,509,23281.32,45.739332023575635,0.009823182711198428,3,2,1,6,1.5,Promising
3565423334076143,1,1006,51026.41,50.722077534791254,0.0,3,3,3,9,3.0,Loyal Customers
3565943051129759,1,473,24876.82,52.59369978858351,0.008456659619450317,3,1,1,5,1.0,Promising
3566094707272327,1,2655,153269.08,57.728467043314495,0.0007532956685499058,3,5,5,13,5.0,Loyal Customers
3566373869538620,1,480,23075.64,48.07425,0.0020833333333333333,3,1,1,5,1.0,Promising
3566875419572867,1,966,75749.52,78.41565217391305,0.0010351966873706005,3,2,4,9,3.0,Loyal Customers
3567527758368741,1,974,49729.21,51.05668377823409,0.002053388090349076,3,2,3,8,2.5,Needs Attention
3567697931646329,1,2457,87558.44,35.63632071632072,0.000814000814000814,3,5,4,12,4.5,Loyal Customers
3567879740649740,1,1991,95542.87,47.987378201908584,0.0020090406830738324,3,5,4,12,4.5,Loyal Customers
3568255211412877,1,1961,80727.92,41.1667108618052,0.0005099439061703213,3,4,4,11,4.0,Loyal Customers
3568736585751727,1,1439,113669.18,78.99178596247394,0.0020847810979847115,3,3,5,11,4.0,Loyal Customers
3572976568630035,1,508,26798.99,52.753917322834646,0.0,3,2,2,7,2.0,Needs Attention
3573030041201292,1,2017,89234.48,44.24118988596926,0.002478929102627665,3,5,4,12,4.5,Loyal Customers
3573386445588324,1,989,44977.9,45.47815975733064,0.0,3,2,2,7,2.0,Needs Attention
3575540972310993,1,1487,51604.79,34.70396099529253,0.0026899798251513113,3,4,3,10,3.5,Loyal Customers
3575789281659026,1,2979,125862.0,42.249748237663646,0.000671366230278617,3,5,5,13,5.0,Loyal Customers
3576144910346950,1,517,25119.3,48.586653771760155,0.005802707930367505,3,2,1,6,1.5,Promising
3576207763781753,44,2,17.54,8.77,1.0,1,1,1,3,1.0,Hibernating
3576281490078437,1,496,38835.14,78.29665322580645,0.0,3,2,2,7,2.0,Needs Attention
3576511691045060,1,504,21569.68,42.79698412698413,0.005952380952380952,3,2,1,6,1.5,Promising
3577578023716568,1,1779,102403.01,57.562119168071945,0.0,3,4,5,12,4.5,Loyal Customers
3577596616955856,1,503,25284.62,50.26763419483101,0.007952286282306162,3,2,2,7,2.0,Needs Attention
3577663406369449,1,486,23429.15,48.208127572016465,0.00823045267489712,3,1,1,5,1.0,Promising
3577794103155425,1,974,41414.49,42.52001026694045,0.0,3,2,2,7,2.0,Needs Attention
3579200383632826,1,505,38798.83,76.82936633663367,0.0,3,2,2,7,2.0,Needs Attention
3582402971899057,1,490,23679.61,48.32573469387755,0.0,3,1,1,5,1.0,Promising
3582754887089201,1,1972,95747.22,48.553356997971605,0.0010141987829614604,3,4,4,11,4.0,Loyal Customers
3583293909206278,1,983,42646.56,43.38408952187182,0.0,3,2,2,7,2.0,Needs Attention
3583793405872580,1,1967,84558.99,42.98881037112354,0.0,3,4,4,11,4.0,Loyal Customers
3585052663373890,1,989,49649.19,50.20140546006067,0.0,3,2,3,8,2.5,Needs Attention
3585740823295298,1,1491,53196.5,35.678403755868544,0.0013413816230717639,3,4,3,10,3.5,Loyal Customers
3586955669388457,1,973,76387.84,78.50754367934223,0.0,3,2,4,9,3.0,Loyal Customers
3587044315915002,1,1480,116651.58,78.81863513513514,0.0,3,4,5,12,4.5,Loyal Customers
3587960728692500,1,1872,111353.12,59.48350427350427,0.0005341880341880342,3,4,5,12,4.5,Loyal Customers
3589255887819806,1,2427,103948.46,42.83002060156572,0.0,3,5,5,13,5.0,Loyal Customers
3589289942931264,1,2455,108280.48,44.106101832993886,0.0012219959266802445,3,5,5,13,5.0,Loyal Customers
3590736522064285,1,2691,155733.72,57.872062430323304,0.002229654403567447,3,5,5,13,5.0,Loyal Customers
3590946339258737,65,1,6.48,6.48,1.0,1,1,1,3,1.0,Hibernating
3592325941359225,2,479,23563.35,49.19279749478079,0.006263048016701462,1,1,1,3,1.0,Hibernating
3592931352252641,1,959,48247.89,50.31062565172054,0.005213764337851929,3,2,2,7,2.0,Needs Attention
3593118134380341,1,2014,96711.46,48.019592850049655,0.0,3,5,4,12,4.5,Loyal Customers
3593399694467427,1,501,23698.46,47.30231536926148,0.003992015968063872,3,2,1,6,1.5,Promising
3595111028444131,1,491,23149.37,47.14739307535641,0.002036659877800407,3,1,1,5,1.0,Promising
3596217206093829,1,2953,128778.12,43.60925160853369,0.0,3,5,5,13,5.0,Loyal Customers
3596357274378601,1,1993,82539.66,41.41478173607627,0.0,3,5,4,12,4.5,Loyal Customers
3597337756918966,1,993,50838.91,51.19729103726083,0.002014098690835851,3,3,3,9,3.0,Loyal Customers
3597926034019603,1,1008,42455.8,42.11884920634921,0.0,3,3,2,8,2.5,Needs Attention
3597980945245815,1,497,25747.35,51.80553319919517,0.002012072434607646,3,2,2,7,2.0,Needs Attention
3598014571045296,1,861,49518.09,57.51229965156794,0.008130081300813009,3,2,3,8,2.5,Needs Attention
3598215285024754,1,2234,126245.26,56.51085944494181,0.0013428827215756492,3,5,5,13,5.0,Loyal Customers
3598895972308782,1,487,25158.04,51.65921971252567,0.006160164271047228,3,1,2,6,1.5,Promising
3599237318576484,2,1022,47277.68,46.259960861056754,0.0019569471624266144,1,3,2,6,2.5,Hibernating
4003771737807706,1,976,47410.43,48.576260245901636,0.0030737704918032786,3,2,2,7,2.0,Needs Attention
4025612008285111,1,1462,67690.67,46.30004787961696,0.0006839945280437756,3,3,3,9,3.0,Loyal Customers
4048508450704760,1,1503,64689.68,43.04037258815702,0.001996007984031936,3,4,3,10,3.5,Loyal Customers
4060579726528237,1,1473,74000.98,50.238275627970125,0.002036659877800407,3,3,3,9,3.0,Loyal Customers
4067137330196900,1,1487,61583.82,41.414808338937455,0.0033624747814391394,3,4,3,10,3.5,Loyal Customers
4069975342931683,1,1801,99730.73,55.375197112715156,0.001665741254858412,3,4,5,12,4.5,Loyal Customers
4070511711385545,1,950,44863.69,47.224936842105265,0.002105263157894737,3,2,2,7,2.0,Needs Attention
4099707841315751,1,2518,104229.54,41.39378077839555,0.0003971405877680699,3,5,5,13,5.0,Loyal Customers
4104312520615374,1,981,40960.03,41.75334352701325,0.0,3,2,2,7,2.0,Needs Attention
4119762878330989,1,1469,71295.62,48.53343771272974,0.0,3,3,3,9,3.0,Loyal Customers
4124536010991657,1,496,24732.64,49.86419354838709,0.0,3,2,1,6,1.5,Promising
4128027264554082,1,1477,70437.98,47.689898442789435,0.0013540961408259986,3,4,3,10,3.5,Loyal Customers
4129767952109660,1,1006,44370.9,44.10626242544732,0.0,3,3,2,8,2.5,Needs Attention
4134456652433447,3,487,23380.96,48.01018480492813,0.004106776180698152,1,1,1,3,1.0,Hibernating
4147608975828480,1,1991,96245.97,48.340517327975896,0.0005022601707684581,3,5,4,12,4.5,Loyal Customers
4149238353975790,1,1992,156311.99,78.46987449799197,0.001004016064257028,3,5,5,13,5.0,Loyal Customers
4155021259183870,1,1972,81290.46,41.222342799188645,0.002535496957403651,3,4,4,11,4.0,Loyal Customers
4157213332670159,485,2,13.010000000000002,6.505000000000001,1.0,1,1,1,3,1.0,Hibernating
4158758517677931,1,492,20440.03,41.54477642276422,0.0040650406504065045,3,1,1,5,1.0,Promising
4168696938629925,303,1,9.86,9.86,1.0,1,1,1,3,1.0,Hibernating
4169759661243568,1,2011,85098.53,42.31652411735455,0.0029835902536051715,3,5,4,12,4.5,Loyal Customers
4171397999167005,3,487,25355.12,52.06390143737166,0.006160164271047228,1,1,2,4,1.5,Hibernating
4173950183554608,1,1950,81023.2,41.55035897435897,0.0,3,4,4,11,4.0,Loyal Customers
4178097073221156,1,1347,74861.51,55.57647364513734,0.0,3,3,4,10,3.5,Loyal Customers
4179719215697782,1,489,20195.64,41.299877300613495,0.00408997955010225,3,1,1,5,1.0,Promising
4191109180926792,3,1358,75885.38,55.88025036818851,0.0029455081001472753,1,3,4,8,3.5,At Risk
4195832462863385,2,514,26369.13,51.3018093385214,0.0038910505836575876,1,2,2,5,2.0,Hibernating
4204237326785494,495,2,18.67,9.335,1.0,1,1,1,3,1.0,Hibernating
4225628813173670,76,1,7.25,7.25,1.0,1,1,1,3,1.0,Hibernating
4228411452607671,1,520,20289.02,39.017346153846155,0.0038461538461538464,3,2,1,6,1.5,Promising
4239552724014407,1,1475,76934.8,52.15918644067797,0.0013559322033898306,3,3,4,10,3.5,Loyal Customers
4254074738931278,1,972,48478.45,49.87494855967078,0.0030864197530864196,3,2,2,7,2.0,Needs Attention
4260059589824237,1,476,24577.66,51.63373949579832,0.004201680672268907,3,1,1,5,1.0,Promising
4265776278887457,1,1946,94041.74,48.32566289825283,0.0010277492291880781,3,4,4,11,4.0,Loyal Customers
4266200684857219,1,976,46799.81,47.950624999999995,0.0010245901639344263,3,2,2,7,2.0,Needs Attention
4277232699798846,1,1439,68989.94,47.94297428769979,0.0006949270326615705,3,3,3,9,3.0,Loyal Customers
4294040533480516,1,1503,64199.0,42.713905522288755,0.0013306719893546241,3,4,3,10,3.5,Loyal Customers
4302475216404898,1,1475,73153.19,49.59538305084746,0.0013559322033898306,3,3,3,9,3.0,Loyal Customers
4306586894261180,1,970,50282.02,51.83713402061856,0.0,3,2,3,8,2.5,Needs Attention
4308156300921054,1,476,38042.43,79.92107142857142,0.0021008403361344537,3,1,2,6,1.5,Promising
4318414072191879,46,4,58.81,14.7025,1.0,1,1,1,3,1.0,Hibernating
4328928491302401,1,1364,76938.43,56.406473607038116,0.002932551319648094,3,3,4,10,3.5,Loyal Customers
4334230547694630,1,1978,98199.81,49.646011122345804,0.0025278058645096056,3,5,5,13,5.0,Loyal Customers
4335531783520911,1,488,16224.02,33.24594262295082,0.0,3,1,1,5,1.0,Promising
4342532437704183,1,1477,61956.46,41.94750169262018,0.0,3,4,3,10,3.5,Loyal Customers
4344955088481397,1,1466,113589.79,77.48280354706685,0.001364256480218281,3,3,5,11,4.0,Loyal Customers
4348786085525522,1,477,36295.76,76.09174004192873,0.0020964360587002098,3,1,2,6,1.5,Promising
4365382885912355,1,987,77931.94,78.95839918946302,0.002026342451874367,3,2,4,9,3.0,Loyal Customers
4377338765909719,1,1996,83041.76,41.604088176352704,0.0,3,5,4,12,4.5,Loyal Customers
4378993458389626,1,1471,52354.06,35.590795377294356,0.0006798096532970768,3,3,3,9,3.0,Loyal Customers
4384910379661778,1,1443,71151.31,49.30790713790714,0.000693000693000693,3,3,3,9,3.0,Loyal Customers
4412720572684931,2,502,25129.13,50.05802788844622,0.0,1,2,1,4,1.5,Hibernating
4423489490781412,1,1483,70508.48,47.544490896830744,0.0,3,4,3,10,3.5,Loyal Customers
4424338559877976,1,1920,96189.01,50.09844270833333,0.0015625,3,4,4,11,4.0,Loyal Customers
4428154703770710,1,1014,47043.97,46.39444773175543,0.0,3,3,2,8,2.5,Needs Attention
4430881574719618,1,1958,93888.42,47.9511848825332,0.0010214504596527069,3,4,4,11,4.0,Loyal Customers
4446368897795790,1,1984,154417.63,77.83146673387097,0.0010080645161290322,3,5,5,13,5.0,Loyal Customers
4449530933957323,1,1978,97270.78,49.17632962588473,0.0005055611729019212,3,5,5,13,5.0,Loyal Customers
4450831335606294,1,1972,84488.16,42.843894523326576,0.002535496957403651,2,4,4,10,4.0,At Risk
4451438912406400,1,941,56995.39,60.56895855472901,0.0021253985122210413,2,2,3,7,2.5,Needs Attention
4451952084362894,1,1956,154062.19,78.76390081799592,0.0010224948875255625,2,4,5,11,4.5,At Risk
4452366298769043,1,2475,102480.74,41.4063595959596,0.0016161616161616162,2,5,5,12,5.0,At Risk
4474324669797121,1,1473,73965.88,50.214446707399865,0.0,2,3,3,8,3.0,At Risk
4482427013979020,1,1489,73586.55,49.420114170584284,0.000671591672263264,2,4,3,9,3.5,At Risk
4488941175228467,1,900,50797.9,56.44211111111111,0.0044444444444444444,2,2,3,7,2.5,Needs Attention
4492491748959010,3,481,37871.99,78.73594594594594,0.004158004158004158,1,1,2,4,1.5,Hibernating
4492677353108006,482,1,10.91,10.91,1.0,1,1,1,3,1.0,Hibernating
4501449508569485,1,488,38235.36,78.3511475409836,0.0020491803278688526,2,1,2,5,1.5,About To Sleep
4509142395811241,1,1951,93905.37,48.13191696565863,0.0,2,4,4,10,4.0,At Risk
4509922033272157,1,1011,41610.67,41.15793273986152,0.002967359050445104,2,3,2,7,2.5,Needs Attention
4514242065619750,1,1751,98216.53,56.09167904054826,0.0,2,4,5,11,4.5,At Risk
4518350514020532,1,979,41611.92,42.50451481103166,0.0,2,2,2,6,2.0,Needs Attention
4555104582813474,1,470,36290.67,77.2141914893617,0.006382978723404255,2,1,2,5,1.5,About To Sleep
4561368699336875,1,1016,40446.04,39.809094488188975,0.007874015748031496,2,3,2,7,2.5,Needs Attention
4575255480814133,41,1,12.56,12.56,1.0,1,1,1,3,1.0,Hibernating
4586810168620942,1,2746,167434.97,60.97413328477786,0.0007283321194464676,2,5,5,12,5.0,At Risk
4587577161160601,1,1990,85645.09,43.03773366834171,0.003015075376884422,2,5,4,11,4.5,At Risk
4599285557366057,2,921,53321.42,57.89513572204126,0.0,1,2,3,6,2.5,Hibernating
4607072969078276,1,1483,61128.38,41.21940660822656,0.0,2,4,3,9,3.5,At Risk
4610050989831291,1,1483,114543.48,77.23768037761295,0.0,2,4,5,11,4.5,At Risk
4610064888664703,1,444,26583.64,59.873063063063064,0.0022522522522522522,2,1,2,5,1.5,About To Sleep
4629451965224809,1,1477,52532.34,35.566919431279615,0.002031144211238998,2,4,3,9,3.5,At Risk
4634955908138648,1,1987,86452.67,43.50914443885254,0.0,2,5,4,11,4.5,At Risk
4642255475285942,1,2936,125911.71,42.885459809264304,0.0017029972752043597,2,5,5,12,5.0,At Risk
4651007077623147,1,1003,49012.17,48.865573280159516,0.003988035892323031,2,3,2,7,2.5,Needs Attention
4653879239169997,1,2496,88134.26,35.31020032051282,0.0,2,5,4,11,4.5,At Risk
4657269323674365,1,985,48187.8,48.92162436548224,0.0,2,2,2,6,2.0,Needs Attention
4658490815480264,1,1997,98360.67,49.25421632448673,0.0,2,5,5,12,5.0,At Risk
4669558618943766,499,1,11.98,11.98,1.0,1,1,1,3,1.0,Hibernating
4670613943676271,1,978,46397.91,47.44162576687117,0.0010224948875255625,2,2,2,6,2.0,Needs Attention
4671727014157745,1,1986,97012.56,48.84821752265861,0.0,2,5,5,12,5.0,At Risk
4681601008538160,1,2253,125296.44,55.61315579227696,0.000887705281846427,2,5,5,12,5.0,At Risk
4682744518117239,1,489,24317.43,49.728895705521474,0.00408997955010225,2,1,1,4,1.0,About To Sleep
4698163635895795,2,487,20672.35,42.44835728952772,0.006160164271047228,1,1,1,3,1.0,Hibernating
4707867759656333,1,1465,69453.75,47.408703071672356,0.0,2,3,3,8,3.0,At Risk
4708992452821239,1,1958,92295.08,47.137425944841674,0.0,2,4,4,10,4.0,At Risk
4710792708725663,1,982,41719.62,42.48433808553972,0.0,2,2,2,6,2.0,Needs Attention
4713464490314802,1,512,40256.8,78.6265625,0.0,2,2,2,6,2.0,Needs Attention
4716561796955522,1,3002,123788.45,41.23532644903398,0.0,2,5,5,12,5.0,At Risk
4725673654161314,1,494,25880.43,52.38953441295546,0.0,2,1,2,5,1.5,About To Sleep
4727244663135968,1,1504,77468.4,51.50824468085106,0.0,2,4,4,10,4.0,At Risk
4740713119940984,1,1006,49608.23,49.31235586481114,0.0,2,3,3,8,3.0,At Risk
4764202053279782,2,496,20307.12,40.94177419354838,0.008064516129032258,1,2,1,4,1.5,Hibernating
4767265376804500,1,530,26261.79,49.550547169811324,0.0037735849056603774,2,2,2,6,2.0,Needs Attention
4777065439639721,1,1495,117735.47,78.75282274247492,0.0013377926421404682,2,4,5,11,4.5,At Risk
4789911625179723,1,444,24735.44,55.710450450450445,0.02252252252252252,2,1,1,4,1.0,About To Sleep
4800395067176717,1,1498,74664.14,49.84255006675567,0.0013351134846461949,2,4,4,10,4.0,At Risk
4822367783500458,1,956,40377.01,42.235366108786614,0.0010460251046025104,2,2,2,6,2.0,Needs Attention
4824023901222438,1,492,24054.14,48.89052845528455,0.006097560975609756,2,1,1,4,1.0,About To Sleep
4826655832045236,1,2008,96713.31,48.16399900398406,0.0,2,5,4,11,4.5,At Risk
4836998673805450,1,2638,151779.39,57.53578089461714,0.0003790750568612585,2,5,5,12,5.0,At Risk
4839043708100390,1,935,52672.46,56.33418181818182,0.0,2,2,3,7,2.5,Needs Attention
4839615922685395,1,2029,96060.14,47.34358797437161,0.0,2,5,4,11,4.5,At Risk
4841313716651064,1,1960,151445.78,77.26825510204081,0.0005102040816326531,2,4,5,11,4.5,At Risk
4859525594182537,1,1001,43251.22,43.20801198801199,0.001998001998001998,2,3,2,7,2.5,Needs Attention
4873783502705038,1,1767,103502.45,58.57524052065648,0.0022637238256932655,2,4,5,11,4.5,At Risk
4874006077381178,1,493,21981.17,44.58655172413793,0.004056795131845842,2,1,1,4,1.0,About To Sleep
4874017206859125,1,1400,82392.06,58.85147142857143,0.0,2,3,4,9,3.5,At Risk
4878364946692291,2,468,22750.58,48.61235042735043,0.0,1,1,1,3,1.0,Hibernating
4879265611163287,2,494,38370.06,77.67218623481781,0.006072874493927126,1,1,2,4,1.5,Hibernating
4893092478075970,42,1,7.25,7.25,1.0,1,1,1,3,1.0,Hibernating
4904681492230012,1,3010,128169.86,42.581348837209305,0.0,2,5,5,12,5.0,At Risk
4908846471916297,1,2643,145928.36,55.21315172152856,0.00037835792659856227,2,5,5,12,5.0,At Risk
4914700582394237,4,492,24396.99,49.587378048780494,0.0020325203252032522,1,1,1,3,1.0,Hibernating
4917187576956394,1,962,45849.03,47.660114345114344,0.002079002079002079,2,2,2,6,2.0,Needs Attention
4922710831011201,2,961,47028.76,48.93731529656608,0.001040582726326743,1,2,2,5,2.0,Hibernating
4926376199189801,1,1350,76629.4,56.76251851851851,0.002962962962962963,2,3,4,9,3.5,At Risk
4935858973307492,1,1490,116633.08,78.27723489932886,0.0013422818791946308,2,4,5,11,4.5,At Risk
4939976756738216,1,2672,148308.4,55.504640718562875,0.0029940119760479044,2,5,5,12,5.0,At Risk
4951647200979051,1,1980,84551.43,42.70274242424242,0.00202020202020202,2,5,4,11,4.5,At Risk
4961003488432306,1,993,47236.48,47.569466263846934,0.0,2,3,2,7,2.5,Needs Attention
4972228199573984,1,476,22733.85,47.76018907563025,0.0,2,1,1,4,1.0,About To Sleep
4979422371139333,1,1984,97810.45,49.29962197580645,0.0025201612903225806,2,5,5,12,5.0,At Risk
4986925034905735,2,480,25317.15,52.744062500000005,0.0020833333333333333,1,1,2,4,1.5,Hibernating
4996263498048679,1,992,43359.24,43.708911290322575,0.0010080645161290322,2,3,2,7,2.5,Needs Attention
5104807169438134,1,912,50779.55,55.67933114035088,0.007675438596491228,2,2,3,7,2.5,Needs Attention
5130484058948421,1,968,77441.3,80.00134297520661,0.002066115702479339,2,2,4,8,3.0,At Risk
5144043920225212,446,1,9.47,9.47,1.0,1,1,1,3,1.0,Hibernating
5154903938030655,1,467,27229.91,58.30815845824411,0.01284796573875803,2,1,2,5,1.5,About To Sleep
5289285402893489,1,490,20487.74,41.81171428571429,0.00816326530612245,2,1,1,4,1.0,About To Sleep
5359543825610251,1,1977,83736.36,42.3552655538695,0.0,2,5,4,11,4.5,At Risk
5388659976630693,1,1509,74600.68,49.43716368455931,0.0013253810470510272,2,4,4,10,4.0,At Risk
5410056176712193,2,469,19034.42,40.585117270788906,0.0,1,1,1,3,1.0,Hibernating
5456712664803820,1,995,47094.59,47.331246231155774,0.0,2,3,2,7,2.5,Needs Attention
5456776410929288,1,1972,96888.99,49.13234787018256,0.0005070993914807302,2,4,4,10,4.0,At Risk
5559857416065248,2,1504,74018.67,49.214541223404254,0.0013297872340425532,1,4,3,8,3.5,At Risk
5580563567307107,1,1009,77793.96,77.10005946481665,0.0019821605550049554,2,3,4,9,3.5,At Risk
6011104316292105,1,2469,104413.7,42.28987444309437,0.0,2,5,5,12,5.0,At Risk
6011149206456997,1,505,39054.3,77.33524752475248,0.0019801980198019802,2,2,2,6,2.0,Needs Attention
6011197122270059,1,485,20875.7,43.04268041237113,0.0,2,1,1,4,1.0,About To Sleep
6011231546538393,1,1006,40306.19,40.06579522862823,0.0019880715705765406,2,3,2,7,2.5,Needs Attention
6011252220172077,3,941,56593.5,60.14187035069075,0.0,1,2,3,6,2.5,Hibernating
6011360759745864,1,993,48517.29,48.859305135951665,0.0010070493454179255,2,3,2,7,2.5,Needs Attention
6011366578560244,1,1993,70238.46,35.24257902659308,0.0,2,5,3,10,4.0,At Risk
6011367958204270,1,2703,154451.01,57.14058823529412,0.0,2,5,5,12,5.0,At Risk
6011381817520024,1,973,42153.88,43.32361767728674,0.0041109969167523125,2,2,2,6,2.0,Needs Attention
6011382886333463,2,953,49215.45,51.64265477439664,0.001049317943336831,1,2,3,6,2.5,Hibernating
6011388901471808,1,2007,96768.83,48.21566018933732,0.000996512207274539,2,5,4,11,4.5,At Risk
6011399591920186,1,1965,85370.0,43.44529262086514,0.0,2,4,4,10,4.0,At Risk
6011438889172900,1,2678,150447.03,56.17887602688573,0.0026138909634055266,2,5,5,12,5.0,At Risk
6011477612335392,1,513,25408.89,49.53,0.0,2,2,2,6,2.0,Needs Attention
6011492816282597,1,1506,62817.24,41.71131474103586,0.0,2,4,3,9,3.5,At Risk
6011504998544485,1,2999,129042.72,43.028582860953655,0.0010003334444814939,2,5,5,12,5.0,At Risk
6011542681743618,1,2023,83382.49,41.217246663371235,0.001977261492832427,2,5,4,11,4.5,At Risk
6011552879910390,1,1002,78036.55,77.88078842315369,0.001996007984031936,2,3,4,9,3.5,At Risk
6011581063717667,1,486,23962.81,49.306193415637864,0.00411522633744856,2,1,1,4,1.0,About To Sleep
6011603272871604,1,984,50141.42,50.95672764227642,0.0,2,2,3,7,2.5,Needs Attention
6011626928491360,1,993,50439.14,50.7947029204431,0.0010070493454179255,2,3,3,8,3.0,At Risk
6011652924285713,1,2960,124038.0,41.90472972972973,0.0006756756756756757,2,5,5,12,5.0,At Risk
6011679934075347,1,1482,61441.0,41.458164642375166,0.0033738191632928477,2,4,3,9,3.5,At Risk
6011681934117244,2,996,49650.53,49.8499297188755,0.002008032128514056,1,3,3,7,3.0,At Risk
6011693194885790,1,2499,84845.73,33.951872749099635,0.00040016006402561027,2,5,4,11,4.5,At Risk
6011706277606006,1,501,24632.31,49.166287425149704,0.001996007984031936,2,2,1,5,1.5,About To Sleep
6011724471098086,1,2231,125861.49,56.41483191393994,0.0022411474675033617,2,5,5,12,5.0,At Risk
6011826317034777,420,2,31.509999999999998,15.754999999999999,1.0,1,1,1,3,1.0,Hibernating
6011860238257910,1,2019,98001.9,48.539821693907875,0.0004952947003467063,2,5,5,12,5.0,At Risk
6011917798331152,1,966,48299.66,49.9996480331263,0.0010351966873706005,2,2,2,6,2.0,Needs Attention
6011934240159560,1,965,75103.4,77.82735751295336,0.002072538860103627,2,2,4,8,3.0,At Risk
6011948324228984,1,502,24521.29,48.84719123505976,0.00597609561752988,2,2,1,5,1.5,About To Sleep
6011999606625827,1,1448,74086.9,51.1649861878453,0.0013812154696132596,2,3,3,8,3.0,At Risk
6501313409525696,4,453,23812.6,52.56644591611479,0.008830022075055188,1,1,1,3,1.0,Hibernating
6502195877055606,2,493,38747.49,78.59531440162272,0.006085192697768763,1,1,2,4,1.5,Hibernating
6506982560413523,1,921,49444.08,53.68521172638437,0.003257328990228013,2,2,3,7,2.5,Needs Attention
6511349151405438,1,1489,72634.71,48.780866353257224,0.000671591672263264,2,4,3,9,3.5,At Risk
6515067575568369,3,497,20149.97,40.54319919517103,0.008048289738430584,1,2,1,4,1.5,Hibernating
6517217825320610,1,2010,95010.07,47.26869154228856,0.0009950248756218905,2,5,4,11,4.5,At Risk
6517779374888867,181,1,7.84,7.84,1.0,1,1,1,3,1.0,Hibernating
6523180720198790,1,480,23444.38,48.84245833333333,0.0020833333333333333,2,1,1,4,1.0,About To Sleep
6524376634971418,1,990,52511.31,53.04172727272727,0.0,2,3,3,8,3.0,At Risk
6526448584969862,1,492,25721.48,52.279430894308945,0.0040650406504065045,2,1,2,5,1.5,About To Sleep
6526777409109795,2,469,23747.5,50.634328358208954,0.0021321961620469083,1,1,1,3,1.0,Hibernating
6528911529051375,2,1025,48640.34,47.45399024390244,0.001951219512195122,1,3,2,6,2.5,Hibernating
6534628260579800,1,3013,105435.4,34.99349485562562,0.0006637902422834385,2,5,5,12,5.0,At Risk
6538441737335434,1,2770,164323.77,59.32266064981949,0.0,2,5,5,12,5.0,At Risk
6538891242532018,1,2705,153158.7,56.62059149722736,0.0018484288354898336,2,5,5,12,5.0,At Risk
6544734391390261,1,1477,63582.08,43.048124576844955,0.0,2,4,3,9,3.5,At Risk
6547670341037171,1,1469,70313.16,47.86464261402315,0.0006807351940095302,2,3,3,8,3.0,At Risk
6554245334757802,1,1471,73304.16,49.832875594833446,0.0006798096532970768,2,3,3,8,3.0,At Risk
6564459919350820,2,497,22167.62,44.60285714285714,0.0,1,2,1,4,1.5,Hibernating
6592861994408652,1,1460,61734.42,42.283849315068494,0.0027397260273972603,2,3,3,8,3.0,At Risk
6593250708747804,1,1361,75605.4,55.55135929463629,0.0,2,3,4,9,3.5,At Risk
6595970453799027,1,1494,73202.98,48.997978580990626,0.0,2,4,3,9,3.5,At Risk
6596735789587928,1,982,51608.37,52.55434826883911,0.0,2,2,3,7,2.5,Needs Attention
6597248210463122,1,489,23098.9,47.23701431492843,0.0,2,1,1,4,1.0,About To Sleep
6597888193422452,1,1992,94467.47,47.42342871485944,0.001004016064257028,2,5,4,11,4.5,At Risk
4018105808392773675,1,985,47939.6,48.66964467005076,0.0010152284263959391,2,2,2,6,2.0,Needs Attention
4040099974063068803,1,1455,113645.31,78.10674226804123,0.0013745704467353953,2,3,5,10,4.0,At Risk
4045036286570100739,1,966,49944.31,51.70218426501035,0.004140786749482402,2,2,3,7,2.5,Needs Attention
4063094974360571498,1,964,42620.23,44.21185684647303,0.002074688796680498,2,2,2,6,2.0,Needs Attention
4089096483689733451,1,1335,75705.22,56.70802996254682,0.0,2,3,4,9,3.5,At Risk
4092452671396169678,1,1971,94199.33,47.79265854895992,0.0010147133434804667,2,4,4,10,4.0,At Risk
4110266553600176127,1,492,20291.62,41.24313008130081,0.0040650406504065045,2,1,1,4,1.0,About To Sleep
4128730454058057622,1,1967,92574.59,47.063848500254196,0.0,2,4,4,10,4.0,At Risk
4180192513916047166,457,4,147.63,36.9075,1.0,1,1,1,3,1.0,Hibernating
4181833256558613886,1,2498,106434.89,42.608042433947155,0.0020016012810248197,2,5,5,12,5.0,At Risk
4208110975550360171,1,994,77759.33,78.22870221327967,0.0,2,3,4,9,3.5,At Risk
4209696857872688515,2,503,20775.39,41.302962226640155,0.005964214711729622,1,2,1,4,1.5,Hibernating
4210078554961359092,1,1490,71574.17,48.03635570469798,0.0013422818791946308,2,4,3,9,3.5,At Risk
4223708906367574214,1,1989,155002.91,77.9300703871292,0.0015082956259426848,2,5,5,12,5.0,At Risk
4225990116481262579,1,995,48920.4,49.166231155778895,0.0,2,3,2,7,2.5,Needs Attention
4226219726886852999,2,450,25791.81,57.315133333333335,0.0044444444444444444,1,1,2,4,1.5,Hibernating
4243521033756702612,418,2,18.490000000000002,9.245000000000001,1.0,1,1,1,3,1.0,Hibernating
4244953610136705533,1,495,38230.05,77.23242424242424,0.0,2,2,2,6,2.0,Needs Attention
4257110907449569602,513,4,55.39,13.8475,1.0,1,1,1,3,1.0,Hibernating
4292743669224718067,1,1513,63586.55,42.02680105750166,0.0,2,4,3,9,3.5,At Risk
4292902571056973207,1,1439,83610.43,58.103148019457954,0.0020847810979847115,2,3,4,9,3.5,At Risk
4301028321766222513,1,1949,150981.21,77.46598768599281,0.001026167265264238,2,4,5,11,4.5,At Risk
4311368326621416041,1,998,48494.53,48.59171342685371,0.001002004008016032,2,3,2,7,2.5,Needs Attention
4312133045694601139,1,998,43389.67,43.476623246492984,0.001002004008016032,2,3,2,7,2.5,Needs Attention
4319584480204988982,1,1951,94663.13,48.52031266017427,0.0005125576627370579,2,4,4,10,4.0,At Risk
4355790796238264643,1,1441,69879.0,48.49340735600278,0.0034698126301179735,2,3,3,8,3.0,At Risk
4358137750029944984,1,1024,45444.81,44.379697265625,0.00390625,2,3,2,7,2.5,Needs Attention
4373370572092720777,1,481,20779.6,43.2008316008316,0.004158004158004158,2,1,1,4,1.0,About To Sleep
4400011257587661852,1,1961,82597.12,42.119898011218766,0.002039775624681285,2,4,4,10,4.0,At Risk
4410582919485061752,1,983,49214.42,50.06553407934893,0.0,2,2,3,7,2.5,Needs Attention
4457136361520330110,74,3,169.94,56.64666666666667,1.0,1,1,1,3,1.0,Hibernating
4457732997086323466,1,1970,155031.34,78.6961116751269,0.0010152284263959391,2,4,5,11,4.5,At Risk
4462038234743679432,1,467,24078.88,51.56077087794433,0.0,2,1,1,4,1.0,About To Sleep
4469777115158234880,1,1982,81993.01,41.368824419778,0.0010090817356205853,2,5,4,11,4.5,At Risk
4477156602511939689,1,908,48910.06,53.865704845814975,0.004405286343612335,2,2,2,6,2.0,Needs Attention
4481172224716138389,347,1,11.58,11.58,1.0,1,1,1,3,1.0,Hibernating
4497913965512794052,1,1003,51881.95,51.72676969092721,0.0019940179461615153,2,3,3,8,3.0,At Risk
4502539526809429801,1,1451,70752.12,48.76093728463128,0.0006891798759476223,2,3,3,8,3.0,At Risk
4512828414983801773,1,3023,130716.59,43.2406847502481,0.0,2,5,5,12,5.0,At Risk
4536996888716062123,1,2521,104345.28,41.390432368107895,0.0003966679888932963,2,5,5,12,5.0,At Risk
4560395181594436016,1,1756,94336.22,53.722220956719816,0.0,2,4,4,10,4.0,At Risk
4587657402165341815,1,2766,168830.65,61.03783441793203,0.0007230657989877079,2,5,5,12,5.0,At Risk
4599735407877245080,1,968,50450.77,52.11856404958677,0.002066115702479339,2,2,3,7,2.5,Needs Attention
4646845581490336108,1,2244,130360.18,58.092771836007124,0.0,1,5,5,11,5.0,Cannot Lose Them
4653178848915023204,1,972,40785.25,41.960133744855966,0.0,1,2,2,5,2.0,Hibernating
4659625317833446364,466,1,11.93,11.93,1.0,1,1,1,3,1.0,Hibernating
4661996144291811856,1,991,43908.38,44.30714429868819,0.0010090817356205853,1,3,2,6,2.5,Hibernating
4666314527820883145,1,490,37393.76,76.31379591836735,0.0020408163265306124,1,1,2,4,1.5,Hibernating
4689147265057948423,1,1485,74531.12,50.189306397306396,0.0,1,4,4,9,4.0,Cannot Lose Them
4710826438164847414,1,1489,73194.13,49.156568166554734,0.0,1,4,3,8,3.5,At Risk
4715741951931168360,1,1524,71626.31999999999,46.998897637795274,0.0026246719160104987,1,4,3,8,3.5,At Risk
4725837176265195730,1,444,24937.26,56.165,0.0,1,1,1,3,1.0,Hibernating
4736845434667908128,1,1964,94392.71,48.06146130346232,0.0010183299389002036,1,4,4,9,4.0,Cannot Lose Them
4742883543039288059,1,1484,63660.64,42.89800539083558,0.0020215633423180594,1,4,3,8,3.5,At Risk
4756039869079882102,1,516,25663.05,49.73459302325581,0.001937984496124031,1,2,2,5,2.0,Hibernating
4761403817546679245,1,1508,63244.92,41.93960212201591,0.0,1,4,3,8,3.5,At Risk
4769426683924058915,1,1951,95317.25,48.85558687852384,0.0010251153254741158,1,4,4,9,4.0,Cannot Lose Them
4792627764422477317,1,2717,152648.64,56.18278984173722,0.000736105999263894,1,5,5,11,5.0,Cannot Lose Them
4797297220948468262,1,2488,101480.34,40.787918006430864,0.0,1,5,5,11,5.0,Cannot Lose Them
4810789809665942990,1,1487,60635.01,40.776738399462005,0.0020174848688634837,1,4,3,8,3.5,At Risk
4810839835482794272,1,1984,84959.18,42.822167338709676,0.0,1,5,4,10,4.5,Cannot Lose Them
4855488158131690372,1,1965,153622.55,78.17941475826971,0.0005089058524173028,1,4,5,10,4.5,Cannot Lose Them
4855853415727304322,1,485,24095.61,49.681670103092785,0.0,1,1,1,3,1.0,Hibernating
4861310130652566408,1,2205,122623.51,55.61156916099773,0.0,1,5,5,11,5.0,Cannot Lose Them
4897067971111209737,2,993,38203.53,38.47283987915408,0.0010070493454179255,1,3,2,6,2.5,Hibernating
4906628655840914250,1,2505,101906.33,40.68116966067864,0.0003992015968063872,1,5,5,11,5.0,Cannot Lose Them
4958589671582726883,1,1422,70980.35,49.915857946554155,0.0,1,3,3,7,3.0,At Risk
4973530368125489546,1,999,53219.25,53.27252252252252,0.002002002002002002,1,3,3,7,3.0,At Risk
4980323467523543940,2,503,25503.92,50.70361829025845,0.0,1,2,2,5,2.0,Hibernating
4989847570577635369,1,889,49868.47,56.09501687289089,0.0,1,2,3,6,2.5,Hibernating
4992346398065154184,1,1974,96895.78,49.08600810536981,0.0,1,4,4,9,4.0,Cannot Lose Them
