cc_num,High_Fraud_Risk,Predicted,Probability
60416207185,1,0,0.333
60422928733,0,0,0.0
60423098130,1,0,0.444
60427851591,0,0,0.333
60490596305,0,0,0.333
501802953619,0,0,0.111
501828204849,1,0,0.444
501831082224,0,0,0.111
501851115094,1,1,1.0
501882822387,0,0,0.333
502012776709,0,0,0.0
502038091380,0,0,0.0
502049568400,0,0,0.111
503848303379,0,0,0.0
503886119844,1,1,1.0
560881134780,1,1,0.556
565399283797,0,0,0.222
568279015842,0,0,0.111
570273151375,0,0,0.333
571314334723,1,1,0.778
571365235126,0,0,0.0
571465035400,0,0,0.0
573283817795,0,0,0.444
573860193545,0,0,0.0
577588686219,0,0,0.222
577891228931,1,1,1.0
580954173374,1,0,0.222
581293083266,0,0,0.0
581508178315,0,0,0.222
581686439828,0,0,0.0
583699482621,0,0,0.111
584673555952,0,0,0.0
630412733309,1,1,0.556
630423337322,0,0,0.0
630424987505,0,0,0.0
630425673344,1,0,0.222
630441765090,0,0,0.0
630451534402,0,0,0.0
630469040731,0,0,0.0
630471368021,0,0,0.333
630484879808,0,0,0.222
639023984367,0,0,0.0
639030014711,1,0,0.111
639046421587,0,0,0.111
639095706599,0,0,0.222
675909898057,0,0,0.222
675945690716,0,0,0.111
675961917837,0,1,0.556
675990301623,0,0,0.0
676118385837,1,0,0.111
676148621961,1,0,0.333
676195318214,0,0,0.222
676234256292,0,0,0.222
676275912597,0,0,0.222
676281772837,0,0,0.111
676292294938,0,0,0.333
676298633337,1,0,0.444
676308307625,1,0,0.444
676314217768,0,1,0.556
676326610042,1,1,0.667
676327197445,1,1,1.0
676372984911,0,0,0.0
4006047418382,0,0,0.0
4026222041577,0,0,0.444
4066595222529,0,0,0.0
4076173495454,1,1,1.0
4079773899158,0,0,0.111
4103158249977,0,0,0.333
4149635823017,0,0,0.0
4158008602445,1,1,0.778
4169388510116,0,0,0.0
4186530744674,0,0,0.222
4189814094741,0,1,0.556
4198470814557,0,0,0.222
4220345354880,0,0,0.111
4247921790666,0,0,0.111
4259996134423,1,0,0.222
4260128500325,1,0,0.111
4279161831637,1,0,0.444
4294930380592,0,0,0.0
4393520897625,0,0,0.0
4427805710168,0,0,0.111
4457486401506,1,1,1.0
4464457352619,0,0,0.0
4471568287204,0,0,0.111
4476840372112,0,0,0.0
4481131401752,0,0,0.111
4500002361389,0,0,0.111
4505383113689,0,0,0.111
4538566639857,0,0,0.111
4561546772499,0,0,0.0
4562827002127,0,0,0.111
4585132874641,1,0,0.444
4586260469584,0,0,0.0
4593569795412,1,1,1.0
4598025465633,1,1,1.0
4613314721966,0,0,0.0
4623560839669,0,0,0.111
4629125581019,1,1,0.889
4640395708703,0,0,0.0
4642894980163,0,0,0.0
4658117080136,0,0,0.0
4683638447911,0,0,0.0
4687263141103,1,1,0.556
4745996322265,0,0,0.0
4748866581408,1,1,1.0
4755696071492,0,0,0.0
4760122961662,1,0,0.444
4783226709001,0,0,0.0
4788103653396,1,0,0.111
4806443445305,0,0,0.222
4807552641361,0,1,0.556
4862293128558,0,0,0.0
4917226033950,1,0,0.444
4957924165498,0,0,0.0
4981132848794,0,0,0.111
4988304376504,0,0,0.0
4990494243023,1,0,0.111
30011465039817,0,0,0.333
30026790933302,0,0,0.0
30029052116970,0,0,0.0
30030380240193,0,0,0.0
30033162392091,1,0,0.222
30042378430132,0,1,0.667
30074693890476,1,0,0.111
30092964733035,0,0,0.333
30103132002433,1,1,0.556
30118423745458,0,0,0.0
30143535920989,0,0,0.333
30143713661454,0,0,0.111
30150717898388,0,0,0.222
30153452207526,0,0,0.111
30175986190993,0,0,0.0
30181367542315,0,1,0.556
30197398657930,0,0,0.0
30199621383748,0,0,0.0
30230540139182,1,0,0.222
30234966027947,0,0,0.0
30235268718158,0,0,0.0
30235438713303,0,0,0.0
30238755902988,0,0,0.0
30242921189660,0,0,0.0
30248898834493,0,0,0.111
30263540414123,0,0,0.111
30266994494236,0,0,0.333
30270432095985,0,0,0.0
30273037698427,0,0,0.0
30290551782700,0,0,0.111
30328384440870,0,0,0.0
30343344410970,0,0,0.111
30344654314976,1,0,0.333
30357372465631,1,1,0.556
30360260465747,1,0,0.444
30364087349027,0,0,0.0
30371006069917,1,0,0.0
30373802285317,0,0,0.333
30376238035123,0,0,0.111
30404291151692,0,0,0.444
30407675418785,0,0,0.0
30408301059761,1,0,0.444
30428204673351,0,0,0.0
30434173205605,1,1,0.778
30442439074871,1,0,0.111
30446018552504,1,1,0.889
30487648872433,0,0,0.111
30491348102802,0,0,0.333
30499715231997,1,1,1.0
30501624614310,1,0,0.222
30518196150127,0,1,0.778
30518206766474,0,0,0.444
30546453310167,0,0,0.0
30551643947183,0,0,0.0
30560609640617,0,0,0.222
30570197515105,0,0,0.333
36078114201167,0,0,0.0
36360452125889,1,0,0.222
36485887555770,0,0,0.222
36581538659449,0,0,0.333
36721445180895,0,0,0.111
36722699017270,0,0,0.0
36890292963032,1,1,0.556
38014427445058,0,0,0.333
38052002992326,0,0,0.0
38199021865320,0,0,0.0
38295635583927,0,0,0.222
38530489946071,0,0,0.0
38534201672254,1,1,1.0
38580485618059,0,0,0.0
38588538868506,0,0,0.0
38797410705641,0,0,0.0
38817501916673,1,1,1.0
38859492057661,0,0,0.444
38947654498698,0,0,0.333
180011453250192,0,0,0.0
180014262259255,0,0,0.111
180018375329178,0,0,0.222
180036456789979,0,0,0.0
180040131978916,1,1,1.0
180046165512893,0,0,0.111
180046617132290,0,0,0.222
180047222886866,1,1,0.889
180049032966888,0,0,0.0
180056173248083,0,0,0.222
180058696935600,0,1,0.667
180064817343047,0,0,0.0
180065479077096,1,0,0.111
180067784565096,0,0,0.0
180069253480336,1,0,0.111
180081032825079,0,0,0.111
180084576295055,0,0,0.111
180084695172649,0,0,0.444
180094608895855,1,1,0.556
213102873001603,1,0,0.111
213107169859697,0,0,0.444
213112402583773,0,0,0.0
213113028819344,0,0,0.111
213113338379864,1,0,0.333
213114122496591,0,0,0.111
213120463918358,0,0,0.0
213124978348176,0,0,0.111
213125815021702,0,0,0.0
213136802746375,1,1,0.556
213141712584544,0,0,0.0
213153151785052,0,0,0.111
213154573301411,1,0,0.111
213155997615567,0,0,0.0
213157767990030,0,0,0.0
213161293389774,0,0,0.222
213161869125933,0,0,0.0
213163860545705,0,0,0.111
213173753804333,0,0,0.111
213174467670432,0,0,0.222
213175487106448,0,0,0.0
213178765398315,0,0,0.0
213178850083780,0,0,0.0
213180742685905,0,0,0.0
213186334552049,1,1,0.556
213186551511454,0,0,0.222
213186880359195,1,0,0.333
213193596103206,0,0,0.0
213195754007681,0,0,0.222
213198837352314,0,0,0.222
213199865312311,0,0,0.0
340103199302564,0,0,0.222
340214844585279,1,1,1.0
340951438290556,0,0,0.0
341283058448499,0,0,0.0
341542810616333,0,0,0.0
341546199006537,1,0,0.111
342035762534413,1,1,0.667
342319985983023,0,0,0.0
342351256941125,0,0,0.111
342360239917375,0,1,0.667
342952484382519,0,0,0.0
343464013864032,0,0,0.111
343472729187663,1,0,0.333
343668971234893,0,0,0.111
343746486082492,0,0,0.0
344342339068828,0,0,0.111
345060451158891,1,0,0.111
345389171551808,0,0,0.0
345933964507467,0,0,0.0
346243940647414,1,1,0.556
346273234529002,0,0,0.0
347073228412010,0,0,0.111
347612609554823,1,1,0.556
348253506557335,0,0,0.333
348789608637806,0,0,0.0
349612764943496,0,0,0.0
370348764075623,1,0,0.0
370612217861404,0,0,0.222
370818583810103,1,0,0.222
370877495212014,0,0,0.0
371009169330125,0,0,0.0
371034293500716,0,0,0.222
371226440126102,0,0,0.111
371284100299909,1,0,0.444
371683116218417,1,0,0.444
371985236239474,0,0,0.0
372246459334925,1,0,0.222
372382441451095,0,0,0.111
372509258176510,0,0,0.0
372520049757633,0,0,0.0
373043435942726,0,0,0.111
373905417449658,1,0,0.0
374238209524200,0,0,0.111
374497717543058,0,0,0.0
374821819075109,1,1,0.556
374930071163758,0,0,0.0
375082648741747,0,0,0.111
375237305371366,0,1,0.556
375248307838179,0,0,0.111
375534208663984,0,0,0.0
375623337201129,1,1,1.0
375767678113375,0,0,0.111
375848982312810,0,0,0.0
375904527651269,0,0,0.0
375974680629816,0,0,0.222
376028110684021,0,0,0.222
376445266762684,0,0,0.0
376656886990758,0,0,0.0
376944481517097,0,0,0.444
377026671291680,0,0,0.111
377113842678100,0,0,0.111
377234009633447,0,0,0.0
377264520876399,1,1,0.556
377550167323848,0,0,0.111
377654590313960,0,0,0.111
377834944388609,0,0,0.333
377895991033232,0,0,0.111
377993105397617,0,0,0.0
378006354724784,0,0,0.333
378262805520186,1,1,1.0
378858024506425,0,0,0.222
378904938837132,0,0,0.222
379141394109214,1,0,0.444
379897244598068,0,0,0.222
2222001896600109,1,0,0.444
2222157926772399,0,1,0.889
2224100459250597,0,0,0.444
2229378226512508,0,0,0.0
2229824890647120,1,1,0.556
2231186809828225,1,0,0.444
2233882705243596,0,0,0.0
2235335206132667,1,0,0.333
2235613922823698,0,0,0.222
2242542703101233,0,0,0.0
2248348993063230,0,0,0.333
2248735346244816,0,0,0.111
2252055259910912,0,0,0.0
2254917871818484,0,0,0.0
2256234701263057,0,0,0.111
2260801330657968,0,1,0.556
2266735643685262,0,0,0.0
2269768987945882,0,0,0.222
2280870154157385,0,1,0.556
2284059275940012,0,0,0.333
2285066385084291,0,0,0.0
2286236465059468,0,0,0.0
2287277963630565,1,1,1.0
2297447006766555,0,0,0.0
2305336922781618,0,0,0.222
2318062975163331,1,0,0.444
2348245054386329,0,0,0.0
2356276337669917,1,0,0.222
2358122155477959,0,1,0.778
2383461948823908,0,0,0.111
2450829271795901,0,0,0.0
2454076758463217,0,0,0.222
2475085306462014,0,0,0.0
2610529083834453,1,1,0.556
2703186189652095,0,0,0.0
2706977570537524,0,0,0.0
2713913904780408,0,0,0.111
2714019737356678,0,1,0.556
2719496466799416,0,0,0.222
2720012583106919,0,0,0.0
2720433095629877,0,0,0.0
2720894374956739,1,0,0.222
3500969075198072,0,0,0.0
3501285649323933,1,1,1.0
3501365119557234,0,0,0.444
3502088871723054,0,0,0.0
3502377050801561,0,0,0.111
3506040590383211,0,0,0.222
3506042666828517,0,0,0.0
3508104404056005,0,0,0.0
3511058278399773,1,0,0.222
3512365128314616,0,0,0.0
3513285035244624,1,0,0.333
3513506355699497,0,0,0.111
3513618443244549,0,0,0.0
3514865930894695,0,0,0.0
3514897282719543,0,0,0.0
3517527805128735,0,0,0.333
3517814635263522,1,0,0.111
3518234918950662,0,0,0.0
3518669219150142,0,0,0.0
3518758680062249,0,0,0.0
3519232971341141,1,0,0.222
3519607465576254,0,0,0.0
3520550088202337,1,0,0.222
3521815216091574,0,0,0.0
3523843138706408,0,0,0.222
3525590521269779,0,0,0.0
3525668150756629,0,0,0.0
3526826139003047,0,0,0.111
3527063666782582,0,1,0.667
3527536963490470,0,0,0.111
3528040995648998,1,1,1.0
3528231451607350,0,0,0.111
3529597810116815,1,0,0.222
3529597930342630,1,1,0.556
3531129874770000,0,0,0.0
3531606252458308,0,0,0.333
3533012926413100,0,0,0.0
3533177016567295,0,0,0.222
3533742182628021,0,0,0.0
3533800906065217,0,0,0.0
3534093764340240,1,1,0.556
3534330126107879,0,0,0.0
3534718226968689,1,1,0.556
3535808924394848,0,0,0.0
3537797820923602,1,1,0.556
3538520143479972,0,0,0.0
3540017235499519,0,0,0.222
3540075240003197,0,0,0.0
3540210836308425,0,0,0.0
3540862542587229,1,1,0.556
3541160328600277,0,0,0.0
3541687240161491,1,0,0.333
3542162746848552,1,1,0.556
3542826960473004,1,1,0.889
3543299015720986,1,0,0.333
3543591270174051,0,0,0.111
3544606805704278,1,1,0.667
3545109339866548,0,0,0.0
3546436741611231,1,1,1.0
3546674063249004,0,0,0.222
3546897637165774,0,0,0.0
3547336099599450,1,1,1.0
3547560454237873,0,0,0.111
3547574373318979,1,0,0.111
3548710338694745,1,1,0.889
3549202406645667,0,0,0.111
3550554389581384,1,0,0.111
3551217896304745,0,0,0.0
3551512895305309,0,1,0.556
3552581383553463,1,0,0.111
3553629419254918,0,0,0.0
3554421171166228,1,1,1.0
3554818239968984,0,0,0.0
3556613125071656,0,0,0.0
3557442674264531,1,1,0.556
3558652751678952,0,0,0.111
3558881852140592,0,0,0.111
3559160581764413,0,0,0.0
3559679414981506,1,0,0.222
3559723917628303,0,0,0.0
3560318482131952,0,0,0.111
3560336828629935,0,0,0.333
3560697798177746,0,0,0.0
3560725013359375,0,0,0.0
3560797065840735,0,0,0.0
3561212938177173,0,0,0.333
3561963695236764,0,0,0.0
3562264947797243,1,1,0.556
3562679455732797,1,0,0.111
3562793934111141,1,1,0.889
3563837241599446,0,0,0.222
3564182536169293,0,0,0.111
3564839259330465,0,0,0.111
3565196229855512,0,0,0.111
3565414434959494,1,1,0.556
3565423334076143,0,0,0.111
3565943051129759,1,0,0.333
3566094707272327,0,0,0.0
3566373869538620,0,1,0.556
3566875419572867,0,0,0.0
3567527758368741,0,0,0.333
3567697931646329,0,0,0.0
3567879740649740,0,0,0.0
3568255211412877,0,0,0.0
3568736585751727,0,0,0.0
3572976568630035,0,0,0.333
3573030041201292,0,0,0.0
3573386445588324,0,0,0.444
3575540972310993,0,0,0.0
3575789281659026,0,0,0.0
3576144910346950,1,0,0.444
3576207763781753,1,1,1.0
3576281490078437,0,0,0.111
3576511691045060,1,1,0.889
3577578023716568,0,0,0.0
3577596616955856,1,1,0.556
3577663406369449,1,1,0.556
3577794103155425,0,0,0.444
3579200383632826,0,0,0.0
3582402971899057,0,1,0.556
3582754887089201,0,0,0.111
3583293909206278,0,0,0.444
3583793405872580,0,0,0.222
3585052663373890,0,0,0.222
3585740823295298,0,0,0.0
3586955669388457,0,0,0.0
3587044315915002,0,0,0.0
3587960728692500,0,0,0.111
3589255887819806,0,0,0.0
3589289942931264,0,0,0.0
3590736522064285,0,0,0.0
3590946339258737,1,1,0.889
3592325941359225,1,0,0.444
3592931352252641,1,0,0.111
3593118134380341,0,0,0.0
3593399694467427,1,1,0.556
3595111028444131,0,0,0.444
3596217206093829,0,0,0.0
3596357274378601,0,0,0.0
3597337756918966,0,0,0.0
3597926034019603,0,0,0.0
3597980945245815,0,0,0.333
3598014571045296,1,0,0.444
3598215285024754,0,0,0.0
3598895972308782,1,0,0.222
3599237318576484,0,0,0.0
4003771737807706,1,0,0.333
4025612008285111,0,0,0.0
4048508450704760,0,0,0.333
4060579726528237,0,0,0.111
4067137330196900,1,0,0.333
4069975342931683,0,0,0.0
4070511711385545,0,0,0.333
4099707841315751,0,0,0.0
4104312520615374,0,1,0.667
4119762878330989,0,0,0.111
4124536010991657,0,0,0.444
4128027264554082,0,0,0.0
4129767952109660,0,0,0.333
4134456652433447,1,0,0.444
4147608975828480,0,0,0.111
4149238353975790,0,0,0.111
4155021259183870,0,0,0.111
4157213332670159,1,1,1.0
4158758517677931,1,1,0.889
4168696938629925,1,1,1.0
4169759661243568,0,0,0.222
4171397999167005,1,1,0.556
4173950183554608,0,0,0.0
4178097073221156,0,0,0.222
4179719215697782,1,1,0.778
4191109180926792,0,0,0.222
4195832462863385,1,0,0.333
4204237326785494,1,1,1.0
4225628813173670,1,1,0.889
4228411452607671,1,0,0.444
4239552724014407,0,0,0.0
4254074738931278,1,0,0.0
4260059589824237,1,0,0.444
4265776278887457,0,0,0.0
4266200684857219,0,0,0.111
4277232699798846,0,0,0.111
4294040533480516,0,0,0.222
4302475216404898,0,0,0.111
4306586894261180,0,0,0.111
4308156300921054,0,0,0.111
4318414072191879,1,1,1.0
4328928491302401,0,0,0.111
4334230547694630,0,0,0.111
4335531783520911,0,1,0.889
4342532437704183,0,0,0.0
4344955088481397,0,0,0.0
4348786085525522,0,0,0.222
4365382885912355,0,0,0.0
4377338765909719,0,0,0.0
4378993458389626,0,0,0.0
4384910379661778,0,0,0.0
4412720572684931,0,0,0.222
4423489490781412,0,0,0.111
4424338559877976,0,0,0.0
4428154703770710,0,0,0.222
4430881574719618,0,0,0.0
4446368897795790,0,0,0.0
4449530933957323,0,0,0.0
4450831335606294,0,0,0.222
4451438912406400,0,0,0.444
4451952084362894,0,0,0.0
4452366298769043,0,0,0.111
4474324669797121,0,0,0.0
4482427013979020,0,0,0.0
4488941175228467,1,0,0.333
4492491748959010,1,0,0.222
4492677353108006,1,1,1.0
4501449508569485,0,0,0.111
4509142395811241,0,0,0.0
4509922033272157,0,1,0.556
4514242065619750,0,0,0.111
4518350514020532,0,0,0.0
4555104582813474,1,0,0.222
4561368699336875,1,1,0.556
4575255480814133,1,1,1.0
4586810168620942,0,0,0.0
4587577161160601,1,0,0.222
4599285557366057,0,0,0.444
4607072969078276,0,0,0.333
4610050989831291,0,0,0.0
4610064888664703,0,1,0.556
4629451965224809,0,0,0.222
4634955908138648,0,0,0.222
4642255475285942,0,0,0.0
4651007077623147,1,0,0.333
4653879239169997,0,0,0.0
4657269323674365,0,0,0.0
4658490815480264,0,0,0.0
4669558618943766,1,1,1.0
4670613943676271,0,0,0.222
4671727014157745,0,0,0.111
4681601008538160,0,0,0.0
4682744518117239,1,1,0.556
4698163635895795,1,1,0.889
4707867759656333,0,0,0.0
4708992452821239,0,0,0.0
4710792708725663,0,0,0.0
4713464490314802,0,0,0.333
4716561796955522,0,0,0.0
4725673654161314,0,0,0.333
4727244663135968,0,0,0.111
4740713119940984,0,0,0.111
4764202053279782,1,1,0.778
4767265376804500,1,1,0.556
4777065439639721,0,0,0.0
4789911625179723,1,1,0.667
4800395067176717,0,0,0.0
4822367783500458,0,0,0.0
4824023901222438,1,1,0.556
4826655832045236,0,0,0.0
4836998673805450,0,0,0.0
4839043708100390,0,0,0.444
4839615922685395,0,0,0.111
4841313716651064,0,0,0.111
4859525594182537,0,0,0.444
4873783502705038,0,0,0.0
4874006077381178,1,1,0.889
4874017206859125,0,0,0.111
4878364946692291,0,0,0.444
4879265611163287,1,0,0.222
4893092478075970,1,1,1.0
4904681492230012,0,0,0.0
4908846471916297,0,0,0.0
4914700582394237,0,0,0.333
4917187576956394,0,0,0.0
4922710831011201,0,0,0.111
4926376199189801,0,0,0.111
4935858973307492,0,0,0.0
4939976756738216,1,0,0.0
4951647200979051,0,0,0.111
4961003488432306,0,0,0.444
4972228199573984,0,0,0.444
4979422371139333,0,0,0.0
4986925034905735,0,0,0.444
4996263498048679,0,1,0.556
5104807169438134,1,0,0.444
5130484058948421,0,0,0.111
5144043920225212,1,1,1.0
5154903938030655,1,1,0.667
5289285402893489,1,1,0.889
5359543825610251,0,0,0.0
5388659976630693,0,0,0.222
5410056176712193,0,1,0.667
5456712664803820,0,0,0.333
5456776410929288,0,0,0.0
5559857416065248,0,0,0.0
5580563567307107,0,0,0.0
6011104316292105,0,0,0.0
6011149206456997,0,0,0.0
6011197122270059,0,1,0.778
6011231546538393,0,0,0.0
6011252220172077,0,0,0.222
6011360759745864,0,0,0.111
6011366578560244,0,0,0.0
6011367958204270,0,0,0.0
6011381817520024,1,0,0.444
6011382886333463,0,0,0.0
6011388901471808,0,0,0.0
6011399591920186,0,0,0.222
6011438889172900,0,0,0.0
6011477612335392,0,0,0.222
6011492816282597,0,0,0.0
6011504998544485,0,0,0.0
6011542681743618,0,0,0.111
6011552879910390,0,0,0.0
6011581063717667,1,0,0.444
6011603272871604,0,0,0.222
6011626928491360,0,0,0.111
6011652924285713,0,0,0.0
6011679934075347,1,0,0.444
6011681934117244,0,0,0.111
6011693194885790,0,0,0.0
6011706277606006,0,0,0.333
6011724471098086,0,0,0.0
6011826317034777,1,1,0.889
6011860238257910,0,0,0.0
6011917798331152,0,0,0.111
6011934240159560,0,0,0.0
6011948324228984,1,1,0.667
6011999606625827,0,0,0.0
6501313409525696,1,0,0.444
6502195877055606,1,0,0.222
6506982560413523,1,0,0.444
6511349151405438,0,0,0.111
6515067575568369,1,1,0.778
6517217825320610,0,0,0.111
6517779374888867,1,1,1.0
6523180720198790,0,0,0.222
6524376634971418,0,0,0.222
6526448584969862,1,0,0.333
6526777409109795,0,0,0.444
6528911529051375,0,0,0.222
6534628260579800,0,0,0.0
6538441737335434,0,0,0.0
6538891242532018,0,0,0.0
6544734391390261,0,0,0.0
6547670341037171,0,0,0.111
6554245334757802,0,0,0.222
6564459919350820,0,0,0.444
6592861994408652,0,0,0.333
6593250708747804,0,0,0.0
6595970453799027,0,0,0.0
6596735789587928,0,0,0.111
6597248210463122,0,1,0.556
6597888193422452,0,0,0.111
4018105808392773675,0,0,0.333
4040099974063068803,0,0,0.0
4045036286570100739,1,0,0.222
4063094974360571498,0,0,0.333
4089096483689733451,0,0,0.0
4092452671396169678,0,0,0.0
4110266553600176127,1,1,0.889
4128730454058057622,0,0,0.0
4180192513916047166,1,1,1.0
4181833256558613886,0,0,0.0
4208110975550360171,0,0,0.111
4209696857872688515,1,1,0.778
4210078554961359092,0,0,0.111
4223708906367574214,0,0,0.0
4225990116481262579,0,0,0.222
4226219726886852999,1,1,0.556
4243521033756702612,1,1,0.889
4244953610136705533,0,0,0.222
4257110907449569602,1,1,1.0
4292743669224718067,0,0,0.0
4292902571056973207,0,0,0.222
4301028321766222513,0,0,0.0
4311368326621416041,0,0,0.111
4312133045694601139,0,0,0.111
4319584480204988982,0,0,0.0
4355790796238264643,1,0,0.222
4358137750029944984,1,0,0.444
4373370572092720777,1,1,0.778
4400011257587661852,0,0,0.222
4410582919485061752,0,0,0.111
4457136361520330110,1,1,1.0
4457732997086323466,0,0,0.0
4462038234743679432,0,1,0.556
4469777115158234880,0,0,0.0
4477156602511939689,1,0,0.444
4481172224716138389,1,1,1.0
4497913965512794052,0,0,0.111
4502539526809429801,0,0,0.111
4512828414983801773,0,0,0.0
4536996888716062123,0,0,0.0
4560395181594436016,0,0,0.0
4587657402165341815,0,0,0.0
4599735407877245080,0,0,0.111
4646845581490336108,0,0,0.0
4653178848915023204,0,0,0.0
4659625317833446364,1,1,1.0
4661996144291811856,0,0,0.444
4666314527820883145,0,0,0.111
4689147265057948423,0,0,0.111
4710826438164847414,0,0,0.222
4715741951931168360,0,0,0.0
4725837176265195730,0,1,0.667
4736845434667908128,0,0,0.0
4742883543039288059,0,0,0.222
4756039869079882102,0,0,0.333
4761403817546679245,0,0,0.222
4769426683924058915,0,0,0.0
4792627764422477317,0,0,0.0
4797297220948468262,0,0,0.0
4810789809665942990,0,0,0.333
4810839835482794272,0,0,0.222
4855488158131690372,0,0,0.0
4855853415727304322,0,0,0.222
4861310130652566408,0,0,0.0
4897067971111209737,0,0,0.222
4906628655840914250,0,0,0.0
4958589671582726883,0,0,0.0
4973530368125489546,0,0,0.111
4980323467523543940,0,0,0.222
4989847570577635369,0,1,0.556
4992346398065154184,0,0,0.111
